fetched_date,path,title,count,uniques
2026-05-13,/CWorthy-ocean/C-Star,Overview,21,14
2026-05-13,/CWorthy-ocean/C-Star/tree/main/cstar/additional_files/env_files,/tree/main/cstar/additional_files/env_files,5,1
2026-05-13,/CWorthy-ocean/C-Star/blob/bc801eee3aae471757be4b36d41b2584a80b7cb1/cstar/applications/plotter.py,/blob/bc801eee3aae471757be4b36d41b2584a80b7cb1/cstar/applications/plotter.py,3,1
2026-05-13,/CWorthy-ocean/C-Star/blob/bc801eee3aae471757be4b36d41b2584a80b7cb1/cstar/applications/roms_marbl.py,/blob/bc801eee3aae471757be4b36d41b2584a80b7cb1/cstar/applications/roms_marbl.py,3,1
2026-05-13,/CWorthy-ocean/C-Star/blob/main/cstar/additional_files/env_files/anvil.env,/blob/main/cstar/additional_files/env_files/anvil.env,1,1
2026-05-13,/CWorthy-ocean/C-Star/blob/main/cstar/additional_files/env_files/darwin_arm64.env,/blob/main/cstar/additional_files/env_files/darwin_arm64.env,1,1
2026-05-13,/CWorthy-ocean/C-Star/blob/main/cstar/additional_files/env_files/linux_aarch64.env,/blob/main/cstar/additional_files/env_files/linux_aarch64.env,1,1
2026-05-13,/CWorthy-ocean/C-Star/blob/main/cstar/additional_files/env_files/linux_x86_64.env,/blob/main/cstar/additional_files/env_files/linux_x86_64.env,1,1
2026-05-13,/CWorthy-ocean/C-Star/issues,/issues,1,1
2026-05-13,/CWorthy-ocean/C-Star/issues/234,/issues/234,1,1
2026-05-14,/CWorthy-ocean/C-Star/issues/234,/issues/234,1,1
2026-05-14,/CWorthy-ocean/C-Star,Overview,22,15
2026-05-14,/CWorthy-ocean/C-Star/tree/main/cstar/additional_files/env_files,/tree/main/cstar/additional_files/env_files,5,1
2026-05-14,/CWorthy-ocean/C-Star/blob/bc801eee3aae471757be4b36d41b2584a80b7cb1/cstar/applications/plotter.py,/blob/bc801eee3aae471757be4b36d41b2584a80b7cb1/cstar/applications/plotter.py,3,1
2026-05-14,/CWorthy-ocean/C-Star/blob/bc801eee3aae471757be4b36d41b2584a80b7cb1/cstar/applications/roms_marbl.py,/blob/bc801eee3aae471757be4b36d41b2584a80b7cb1/cstar/applications/roms_marbl.py,3,1
2026-05-14,/CWorthy-ocean/C-Star/blob/ab7a4c4f850cc2142d7b823138052fbbcfc2c8ff/cstar/marbl/external_codebase.py,/blob/ab7a4c4f850cc2142d7b823138052fbbcfc2c8ff/cstar/marbl/external_codebase.py,1,1
2026-05-14,/CWorthy-ocean/C-Star/blob/main/cstar/additional_files/env_files/anvil.env,/blob/main/cstar/additional_files/env_files/anvil.env,1,1
2026-05-14,/CWorthy-ocean/C-Star/blob/main/cstar/additional_files/env_files/darwin_arm64.env,/blob/main/cstar/additional_files/env_files/darwin_arm64.env,1,1
2026-05-14,/CWorthy-ocean/C-Star/blob/main/cstar/additional_files/env_files/linux_aarch64.env,/blob/main/cstar/additional_files/env_files/linux_aarch64.env,1,1
2026-05-14,/CWorthy-ocean/C-Star/blob/main/cstar/additional_files/env_files/linux_x86_64.env,/blob/main/cstar/additional_files/env_files/linux_x86_64.env,1,1
2026-05-14,/CWorthy-ocean/C-Star/issues,/issues,1,1
2026-05-15,/CWorthy-ocean/C-Star,Overview,23,16
2026-05-15,/CWorthy-ocean/C-Star/tree/main/cstar/additional_files/env_files,/tree/main/cstar/additional_files/env_files,6,2
2026-05-15,/CWorthy-ocean/C-Star/blob/bc801eee3aae471757be4b36d41b2584a80b7cb1/cstar/applications/plotter.py,/blob/bc801eee3aae471757be4b36d41b2584a80b7cb1/cstar/applications/plotter.py,3,1
2026-05-15,/CWorthy-ocean/C-Star/blob/bc801eee3aae471757be4b36d41b2584a80b7cb1/cstar/applications/roms_marbl.py,/blob/bc801eee3aae471757be4b36d41b2584a80b7cb1/cstar/applications/roms_marbl.py,3,1
2026-05-15,/CWorthy-ocean/C-Star/blob/ab7a4c4f850cc2142d7b823138052fbbcfc2c8ff/cstar/marbl/external_codebase.py,/blob/ab7a4c4f850cc2142d7b823138052fbbcfc2c8ff/cstar/marbl/external_codebase.py,1,1
2026-05-15,/CWorthy-ocean/C-Star/blob/main/cstar/additional_files/env_files/anvil.env,/blob/main/cstar/additional_files/env_files/anvil.env,1,1
2026-05-15,/CWorthy-ocean/C-Star/blob/main/cstar/additional_files/env_files/darwin_arm64.env,/blob/main/cstar/additional_files/env_files/darwin_arm64.env,1,1
2026-05-15,/CWorthy-ocean/C-Star/blob/main/cstar/additional_files/env_files/linux_aarch64.env,/blob/main/cstar/additional_files/env_files/linux_aarch64.env,1,1
2026-05-15,/CWorthy-ocean/C-Star/blob/main/cstar/additional_files/env_files/linux_x86_64.env,/blob/main/cstar/additional_files/env_files/linux_x86_64.env,1,1
2026-05-15,/CWorthy-ocean/C-Star/issues,/issues,1,1
2026-05-16,/CWorthy-ocean/C-Star,Overview,24,17
2026-05-16,/CWorthy-ocean/C-Star/tree/main/cstar/additional_files/env_files,/tree/main/cstar/additional_files/env_files,6,2
2026-05-16,/CWorthy-ocean/C-Star/blob/bc801eee3aae471757be4b36d41b2584a80b7cb1/cstar/applications/plotter.py,/blob/bc801eee3aae471757be4b36d41b2584a80b7cb1/cstar/applications/plotter.py,3,1
2026-05-16,/CWorthy-ocean/C-Star/blob/bc801eee3aae471757be4b36d41b2584a80b7cb1/cstar/applications/roms_marbl.py,/blob/bc801eee3aae471757be4b36d41b2584a80b7cb1/cstar/applications/roms_marbl.py,3,1
2026-05-16,/CWorthy-ocean/C-Star/blob/ab7a4c4f850cc2142d7b823138052fbbcfc2c8ff/cstar/marbl/external_codebase.py,/blob/ab7a4c4f850cc2142d7b823138052fbbcfc2c8ff/cstar/marbl/external_codebase.py,1,1
2026-05-16,/CWorthy-ocean/C-Star/blob/main/cstar/additional_files/env_files/anvil.env,/blob/main/cstar/additional_files/env_files/anvil.env,1,1
2026-05-16,/CWorthy-ocean/C-Star/blob/main/cstar/additional_files/env_files/darwin_arm64.env,/blob/main/cstar/additional_files/env_files/darwin_arm64.env,1,1
2026-05-16,/CWorthy-ocean/C-Star/blob/main/cstar/additional_files/env_files/linux_aarch64.env,/blob/main/cstar/additional_files/env_files/linux_aarch64.env,1,1
2026-05-16,/CWorthy-ocean/C-Star/blob/main/cstar/additional_files/env_files/linux_x86_64.env,/blob/main/cstar/additional_files/env_files/linux_x86_64.env,1,1
2026-05-16,/CWorthy-ocean/C-Star/issues,/issues,1,1
2026-05-17,/CWorthy-ocean/C-Star,Overview,24,17
2026-05-17,/CWorthy-ocean/C-Star/tree/main/cstar/additional_files/env_files,/tree/main/cstar/additional_files/env_files,6,2
2026-05-17,/CWorthy-ocean/C-Star/blob/bc801eee3aae471757be4b36d41b2584a80b7cb1/cstar/applications/plotter.py,/blob/bc801eee3aae471757be4b36d41b2584a80b7cb1/cstar/applications/plotter.py,3,1
2026-05-17,/CWorthy-ocean/C-Star/blob/bc801eee3aae471757be4b36d41b2584a80b7cb1/cstar/applications/roms_marbl.py,/blob/bc801eee3aae471757be4b36d41b2584a80b7cb1/cstar/applications/roms_marbl.py,3,1
2026-05-17,/CWorthy-ocean/C-Star/blob/ab7a4c4f850cc2142d7b823138052fbbcfc2c8ff/cstar/marbl/external_codebase.py,/blob/ab7a4c4f850cc2142d7b823138052fbbcfc2c8ff/cstar/marbl/external_codebase.py,1,1
2026-05-17,/CWorthy-ocean/C-Star/blob/main/cstar/additional_files/env_files/anvil.env,/blob/main/cstar/additional_files/env_files/anvil.env,1,1
2026-05-17,/CWorthy-ocean/C-Star/blob/main/cstar/additional_files/env_files/darwin_arm64.env,/blob/main/cstar/additional_files/env_files/darwin_arm64.env,1,1
2026-05-17,/CWorthy-ocean/C-Star/blob/main/cstar/additional_files/env_files/linux_aarch64.env,/blob/main/cstar/additional_files/env_files/linux_aarch64.env,1,1
2026-05-17,/CWorthy-ocean/C-Star/blob/main/cstar/additional_files/env_files/linux_x86_64.env,/blob/main/cstar/additional_files/env_files/linux_x86_64.env,1,1
2026-05-17,/CWorthy-ocean/C-Star/issues,/issues,1,1
2026-05-18,/CWorthy-ocean/C-Star,Overview,25,18
2026-05-18,/CWorthy-ocean/C-Star/tree/main/cstar/additional_files/env_files,/tree/main/cstar/additional_files/env_files,6,2
2026-05-18,/CWorthy-ocean/C-Star/blob/bc801eee3aae471757be4b36d41b2584a80b7cb1/cstar/applications/plotter.py,/blob/bc801eee3aae471757be4b36d41b2584a80b7cb1/cstar/applications/plotter.py,3,1
2026-05-18,/CWorthy-ocean/C-Star/blob/bc801eee3aae471757be4b36d41b2584a80b7cb1/cstar/applications/roms_marbl.py,/blob/bc801eee3aae471757be4b36d41b2584a80b7cb1/cstar/applications/roms_marbl.py,3,1
2026-05-18,/CWorthy-ocean/C-Star/blob/ab7a4c4f850cc2142d7b823138052fbbcfc2c8ff/cstar/marbl/external_codebase.py,/blob/ab7a4c4f850cc2142d7b823138052fbbcfc2c8ff/cstar/marbl/external_codebase.py,1,1
2026-05-18,/CWorthy-ocean/C-Star/blob/main/cstar/additional_files/env_files/anvil.env,/blob/main/cstar/additional_files/env_files/anvil.env,1,1
2026-05-18,/CWorthy-ocean/C-Star/blob/main/cstar/additional_files/env_files/darwin_arm64.env,/blob/main/cstar/additional_files/env_files/darwin_arm64.env,1,1
2026-05-18,/CWorthy-ocean/C-Star/blob/main/cstar/additional_files/env_files/linux_aarch64.env,/blob/main/cstar/additional_files/env_files/linux_aarch64.env,1,1
2026-05-18,/CWorthy-ocean/C-Star/blob/main/cstar/additional_files/env_files/linux_x86_64.env,/blob/main/cstar/additional_files/env_files/linux_x86_64.env,1,1
2026-05-18,/CWorthy-ocean/C-Star/issues,/issues,1,1
2026-05-19,/CWorthy-ocean/C-Star,Overview,25,18
2026-05-19,/CWorthy-ocean/C-Star/tree/main/cstar/additional_files/env_files,/tree/main/cstar/additional_files/env_files,6,2
2026-05-19,/CWorthy-ocean/C-Star/blob/bc801eee3aae471757be4b36d41b2584a80b7cb1/cstar/applications/plotter.py,/blob/bc801eee3aae471757be4b36d41b2584a80b7cb1/cstar/applications/plotter.py,3,1
2026-05-19,/CWorthy-ocean/C-Star/blob/bc801eee3aae471757be4b36d41b2584a80b7cb1/cstar/applications/roms_marbl.py,/blob/bc801eee3aae471757be4b36d41b2584a80b7cb1/cstar/applications/roms_marbl.py,3,1
2026-05-19,/CWorthy-ocean/C-Star/blob/ab7a4c4f850cc2142d7b823138052fbbcfc2c8ff/cstar/marbl/external_codebase.py,/blob/ab7a4c4f850cc2142d7b823138052fbbcfc2c8ff/cstar/marbl/external_codebase.py,1,1
2026-05-19,/CWorthy-ocean/C-Star/blob/main/cstar/additional_files/env_files/anvil.env,/blob/main/cstar/additional_files/env_files/anvil.env,1,1
2026-05-19,/CWorthy-ocean/C-Star/blob/main/cstar/additional_files/env_files/darwin_arm64.env,/blob/main/cstar/additional_files/env_files/darwin_arm64.env,1,1
2026-05-19,/CWorthy-ocean/C-Star/blob/main/cstar/additional_files/env_files/linux_aarch64.env,/blob/main/cstar/additional_files/env_files/linux_aarch64.env,1,1
2026-05-19,/CWorthy-ocean/C-Star/blob/main/cstar/additional_files/env_files/linux_x86_64.env,/blob/main/cstar/additional_files/env_files/linux_x86_64.env,1,1
2026-05-19,/CWorthy-ocean/C-Star/issues,/issues,1,1
2026-05-20,/CWorthy-ocean/C-Star,Overview,21,16
2026-05-20,/CWorthy-ocean/C-Star/tree/main/cstar/additional_files/env_files,/tree/main/cstar/additional_files/env_files,6,2
2026-05-20,/CWorthy-ocean/C-Star/blob/bc801eee3aae471757be4b36d41b2584a80b7cb1/cstar/applications/plotter.py,/blob/bc801eee3aae471757be4b36d41b2584a80b7cb1/cstar/applications/plotter.py,3,1
2026-05-20,/CWorthy-ocean/C-Star/blob/bc801eee3aae471757be4b36d41b2584a80b7cb1/cstar/applications/roms_marbl.py,/blob/bc801eee3aae471757be4b36d41b2584a80b7cb1/cstar/applications/roms_marbl.py,3,1
2026-05-20,/CWorthy-ocean/C-Star/tree/refs/heads/external-apps,/tree/refs/heads/external-apps,2,2
2026-05-20,/CWorthy-ocean/C-Star/blob/ab7a4c4f850cc2142d7b823138052fbbcfc2c8ff/cstar/marbl/external_codebase.py,/blob/ab7a4c4f850cc2142d7b823138052fbbcfc2c8ff/cstar/marbl/external_codebase.py,1,1
2026-05-20,/CWorthy-ocean/C-Star/blob/main/cstar/additional_files/env_files/anvil.env,/blob/main/cstar/additional_files/env_files/anvil.env,1,1
2026-05-20,/CWorthy-ocean/C-Star/blob/main/cstar/additional_files/env_files/darwin_arm64.env,/blob/main/cstar/additional_files/env_files/darwin_arm64.env,1,1
2026-05-20,/CWorthy-ocean/C-Star/blob/main/cstar/additional_files/env_files/linux_aarch64.env,/blob/main/cstar/additional_files/env_files/linux_aarch64.env,1,1
2026-05-20,/CWorthy-ocean/C-Star/blob/main/cstar/additional_files/env_files/linux_x86_64.env,/blob/main/cstar/additional_files/env_files/linux_x86_64.env,1,1
2026-05-21,/CWorthy-ocean/C-Star,Overview,11,10
2026-05-21,/CWorthy-ocean/C-Star/tree/main/cstar/additional_files/env_files,/tree/main/cstar/additional_files/env_files,6,2
2026-05-21,/CWorthy-ocean/C-Star/blob/bc801eee3aae471757be4b36d41b2584a80b7cb1/cstar/applications/plotter.py,/blob/bc801eee3aae471757be4b36d41b2584a80b7cb1/cstar/applications/plotter.py,3,1
2026-05-21,/CWorthy-ocean/C-Star/blob/bc801eee3aae471757be4b36d41b2584a80b7cb1/cstar/applications/roms_marbl.py,/blob/bc801eee3aae471757be4b36d41b2584a80b7cb1/cstar/applications/roms_marbl.py,3,1
2026-05-21,/CWorthy-ocean/C-Star/tree/refs/heads/external-apps,/tree/refs/heads/external-apps,2,2
2026-05-21,/CWorthy-ocean/C-Star/blob/ab7a4c4f850cc2142d7b823138052fbbcfc2c8ff/cstar/marbl/external_codebase.py,/blob/ab7a4c4f850cc2142d7b823138052fbbcfc2c8ff/cstar/marbl/external_codebase.py,1,1
2026-05-21,/CWorthy-ocean/C-Star/blob/main/cstar/additional_files/env_files/anvil.env,/blob/main/cstar/additional_files/env_files/anvil.env,1,1
2026-05-21,/CWorthy-ocean/C-Star/blob/main/cstar/additional_files/env_files/darwin_arm64.env,/blob/main/cstar/additional_files/env_files/darwin_arm64.env,1,1
2026-05-21,/CWorthy-ocean/C-Star/blob/main/cstar/additional_files/env_files/linux_aarch64.env,/blob/main/cstar/additional_files/env_files/linux_aarch64.env,1,1
2026-05-21,/CWorthy-ocean/C-Star/blob/main/cstar/additional_files/env_files/linux_x86_64.env,/blob/main/cstar/additional_files/env_files/linux_x86_64.env,1,1
2026-05-22,/CWorthy-ocean/C-Star,Overview,11,10
2026-05-22,/CWorthy-ocean/C-Star/tree/main/cstar/additional_files/env_files,/tree/main/cstar/additional_files/env_files,6,2
2026-05-22,/CWorthy-ocean/C-Star/blob/bc801eee3aae471757be4b36d41b2584a80b7cb1/cstar/applications/plotter.py,/blob/bc801eee3aae471757be4b36d41b2584a80b7cb1/cstar/applications/plotter.py,3,1
2026-05-22,/CWorthy-ocean/C-Star/blob/bc801eee3aae471757be4b36d41b2584a80b7cb1/cstar/applications/roms_marbl.py,/blob/bc801eee3aae471757be4b36d41b2584a80b7cb1/cstar/applications/roms_marbl.py,3,1
2026-05-22,/CWorthy-ocean/C-Star/tree/refs/heads/external-apps,/tree/refs/heads/external-apps,2,2
2026-05-22,/CWorthy-ocean/C-Star/blob/ab7a4c4f850cc2142d7b823138052fbbcfc2c8ff/cstar/marbl/external_codebase.py,/blob/ab7a4c4f850cc2142d7b823138052fbbcfc2c8ff/cstar/marbl/external_codebase.py,1,1
2026-05-22,/CWorthy-ocean/C-Star/blob/main/cstar/additional_files/env_files/anvil.env,/blob/main/cstar/additional_files/env_files/anvil.env,1,1
2026-05-22,/CWorthy-ocean/C-Star/blob/main/cstar/additional_files/env_files/darwin_arm64.env,/blob/main/cstar/additional_files/env_files/darwin_arm64.env,1,1
2026-05-22,/CWorthy-ocean/C-Star/blob/main/cstar/additional_files/env_files/linux_aarch64.env,/blob/main/cstar/additional_files/env_files/linux_aarch64.env,1,1
2026-05-22,/CWorthy-ocean/C-Star/blob/main/cstar/additional_files/env_files/linux_x86_64.env,/blob/main/cstar/additional_files/env_files/linux_x86_64.env,1,1
2026-05-23,/CWorthy-ocean/C-Star,Overview,9,9
2026-05-23,/CWorthy-ocean/C-Star/tree/main/cstar/additional_files/env_files,/tree/main/cstar/additional_files/env_files,6,2
2026-05-23,/CWorthy-ocean/C-Star/commit/3caaa80180671adba07ae2720b9516f7ae448091,/commit/3caaa80180671adba07ae2720b9516f7ae448091,2,2
2026-05-23,/CWorthy-ocean/C-Star/tree/refs/heads/external-apps,/tree/refs/heads/external-apps,2,2
2026-05-23,/CWorthy-ocean/C-Star/blob/ab7a4c4f850cc2142d7b823138052fbbcfc2c8ff/cstar/marbl/external_codebase.py,/blob/ab7a4c4f850cc2142d7b823138052fbbcfc2c8ff/cstar/marbl/external_codebase.py,1,1
2026-05-23,/CWorthy-ocean/C-Star/blob/bc801eee3aae471757be4b36d41b2584a80b7cb1/cstar/applications/plotter.py,/blob/bc801eee3aae471757be4b36d41b2584a80b7cb1/cstar/applications/plotter.py,1,1
2026-05-23,/CWorthy-ocean/C-Star/blob/main/cstar/additional_files/env_files/anvil.env,/blob/main/cstar/additional_files/env_files/anvil.env,1,1
2026-05-23,/CWorthy-ocean/C-Star/blob/main/cstar/additional_files/env_files/darwin_arm64.env,/blob/main/cstar/additional_files/env_files/darwin_arm64.env,1,1
2026-05-23,/CWorthy-ocean/C-Star/blob/main/cstar/additional_files/env_files/linux_aarch64.env,/blob/main/cstar/additional_files/env_files/linux_aarch64.env,1,1
2026-05-23,/CWorthy-ocean/C-Star/blob/main/cstar/additional_files/env_files/linux_x86_64.env,/blob/main/cstar/additional_files/env_files/linux_x86_64.env,1,1
2026-05-24,/CWorthy-ocean/C-Star,Overview,9,9
2026-05-24,/CWorthy-ocean/C-Star/tree/main/cstar/additional_files/env_files,/tree/main/cstar/additional_files/env_files,6,2
2026-05-24,/CWorthy-ocean/C-Star/commit/3caaa80180671adba07ae2720b9516f7ae448091,/commit/3caaa80180671adba07ae2720b9516f7ae448091,2,2
2026-05-24,/CWorthy-ocean/C-Star/tree/refs/heads/external-apps,/tree/refs/heads/external-apps,2,2
2026-05-24,/CWorthy-ocean/C-Star/blob/ab7a4c4f850cc2142d7b823138052fbbcfc2c8ff/cstar/marbl/external_codebase.py,/blob/ab7a4c4f850cc2142d7b823138052fbbcfc2c8ff/cstar/marbl/external_codebase.py,1,1
2026-05-24,/CWorthy-ocean/C-Star/blob/bc801eee3aae471757be4b36d41b2584a80b7cb1/cstar/applications/plotter.py,/blob/bc801eee3aae471757be4b36d41b2584a80b7cb1/cstar/applications/plotter.py,1,1
2026-05-24,/CWorthy-ocean/C-Star/blob/main/cstar/additional_files/env_files/anvil.env,/blob/main/cstar/additional_files/env_files/anvil.env,1,1
2026-05-24,/CWorthy-ocean/C-Star/blob/main/cstar/additional_files/env_files/darwin_arm64.env,/blob/main/cstar/additional_files/env_files/darwin_arm64.env,1,1
2026-05-24,/CWorthy-ocean/C-Star/blob/main/cstar/additional_files/env_files/linux_aarch64.env,/blob/main/cstar/additional_files/env_files/linux_aarch64.env,1,1
2026-05-24,/CWorthy-ocean/C-Star/blob/main/cstar/additional_files/env_files/linux_x86_64.env,/blob/main/cstar/additional_files/env_files/linux_x86_64.env,1,1
2026-05-25,/CWorthy-ocean/C-Star,Overview,9,9
2026-05-25,/CWorthy-ocean/C-Star/tree/main/cstar/additional_files/env_files,/tree/main/cstar/additional_files/env_files,6,2
2026-05-25,/CWorthy-ocean/C-Star/commit/3caaa80180671adba07ae2720b9516f7ae448091,/commit/3caaa80180671adba07ae2720b9516f7ae448091,2,2
2026-05-25,/CWorthy-ocean/C-Star/tree/refs/heads/external-apps,/tree/refs/heads/external-apps,2,2
2026-05-25,/CWorthy-ocean/C-Star/blob/ab7a4c4f850cc2142d7b823138052fbbcfc2c8ff/cstar/marbl/external_codebase.py,/blob/ab7a4c4f850cc2142d7b823138052fbbcfc2c8ff/cstar/marbl/external_codebase.py,1,1
2026-05-25,/CWorthy-ocean/C-Star/blob/main/cstar/additional_files/env_files/anvil.env,/blob/main/cstar/additional_files/env_files/anvil.env,1,1
2026-05-25,/CWorthy-ocean/C-Star/blob/main/cstar/additional_files/env_files/darwin_arm64.env,/blob/main/cstar/additional_files/env_files/darwin_arm64.env,1,1
2026-05-25,/CWorthy-ocean/C-Star/blob/main/cstar/additional_files/env_files/linux_aarch64.env,/blob/main/cstar/additional_files/env_files/linux_aarch64.env,1,1
2026-05-25,/CWorthy-ocean/C-Star/blob/main/cstar/additional_files/env_files/linux_x86_64.env,/blob/main/cstar/additional_files/env_files/linux_x86_64.env,1,1
2026-05-25,/CWorthy-ocean/C-Star/commit/3273832e840b6720018ce4bbcfe47bdc6326da77,/commit/3273832e840b6720018ce4bbcfe47bdc6326da77,1,1
2026-05-26,/CWorthy-ocean/C-Star,Overview,6,6
2026-05-26,/CWorthy-ocean/C-Star/tree/main/cstar/additional_files/env_files,/tree/main/cstar/additional_files/env_files,6,2
2026-05-26,/CWorthy-ocean/C-Star/commit/3caaa80180671adba07ae2720b9516f7ae448091,/commit/3caaa80180671adba07ae2720b9516f7ae448091,2,2
2026-05-26,/CWorthy-ocean/C-Star/tree/refs/heads/external-apps,/tree/refs/heads/external-apps,2,2
2026-05-26,/CWorthy-ocean/C-Star/blob/ab7a4c4f850cc2142d7b823138052fbbcfc2c8ff/cstar/marbl/external_codebase.py,/blob/ab7a4c4f850cc2142d7b823138052fbbcfc2c8ff/cstar/marbl/external_codebase.py,1,1
2026-05-26,/CWorthy-ocean/C-Star/blob/main/cstar/additional_files/env_files/anvil.env,/blob/main/cstar/additional_files/env_files/anvil.env,1,1
2026-05-26,/CWorthy-ocean/C-Star/blob/main/cstar/additional_files/env_files/darwin_arm64.env,/blob/main/cstar/additional_files/env_files/darwin_arm64.env,1,1
2026-05-26,/CWorthy-ocean/C-Star/blob/main/cstar/additional_files/env_files/linux_aarch64.env,/blob/main/cstar/additional_files/env_files/linux_aarch64.env,1,1
2026-05-26,/CWorthy-ocean/C-Star/blob/main/cstar/additional_files/env_files/linux_x86_64.env,/blob/main/cstar/additional_files/env_files/linux_x86_64.env,1,1
2026-05-26,/CWorthy-ocean/C-Star/commit/3273832e840b6720018ce4bbcfe47bdc6326da77,/commit/3273832e840b6720018ce4bbcfe47bdc6326da77,1,1
2026-05-27,/CWorthy-ocean/C-Star,Overview,5,5
2026-05-27,/CWorthy-ocean/C-Star/commit/3caaa80180671adba07ae2720b9516f7ae448091,/commit/3caaa80180671adba07ae2720b9516f7ae448091,2,2
2026-05-27,/CWorthy-ocean/C-Star/commit/ab7a4c4f850cc2142d7b823138052fbbcfc2c8ff,/commit/ab7a4c4f850cc2142d7b823138052fbbcfc2c8ff,2,2
2026-05-27,/CWorthy-ocean/C-Star/tree/refs/heads/external-apps,/tree/refs/heads/external-apps,2,2
2026-05-27,/CWorthy-ocean/C-Star/blob/ab7a4c4f850cc2142d7b823138052fbbcfc2c8ff/cstar/marbl/external_codebase.py,/blob/ab7a4c4f850cc2142d7b823138052fbbcfc2c8ff/cstar/marbl/external_codebase.py,1,1
2026-05-27,/CWorthy-ocean/C-Star/commit/180f4c321dc97353edc7f2ede5a52be5b09e49c7,/commit/180f4c321dc97353edc7f2ede5a52be5b09e49c7,1,1
2026-05-27,/CWorthy-ocean/C-Star/commit/3273832e840b6720018ce4bbcfe47bdc6326da77,/commit/3273832e840b6720018ce4bbcfe47bdc6326da77,1,1
2026-05-27,/CWorthy-ocean/C-Star/commit/4d18b4427862e3b0108244a93129318a1f7b6ae9,/commit/4d18b4427862e3b0108244a93129318a1f7b6ae9,1,1
2026-05-27,/CWorthy-ocean/C-Star/pull/500,/pull/500,1,1
2026-05-27,/CWorthy-ocean/C-Star/pull/517,/pull/517,1,1
2026-05-28,/CWorthy-ocean/C-Star,Overview,4,4
2026-05-28,/CWorthy-ocean/C-Star/commit/3caaa80180671adba07ae2720b9516f7ae448091,/commit/3caaa80180671adba07ae2720b9516f7ae448091,2,2
2026-05-28,/CWorthy-ocean/C-Star/commit/ab7a4c4f850cc2142d7b823138052fbbcfc2c8ff,/commit/ab7a4c4f850cc2142d7b823138052fbbcfc2c8ff,2,2
2026-05-28,/CWorthy-ocean/C-Star/tree/refs/heads/external-apps,/tree/refs/heads/external-apps,2,2
2026-05-28,/CWorthy-ocean/C-Star/commit/034ec4ee06831e8018a9b3621dc9a56bbe6c4aa3,/commit/034ec4ee06831e8018a9b3621dc9a56bbe6c4aa3,1,1
2026-05-28,/CWorthy-ocean/C-Star/commit/180f4c321dc97353edc7f2ede5a52be5b09e49c7,/commit/180f4c321dc97353edc7f2ede5a52be5b09e49c7,1,1
2026-05-28,/CWorthy-ocean/C-Star/commit/3273832e840b6720018ce4bbcfe47bdc6326da77,/commit/3273832e840b6720018ce4bbcfe47bdc6326da77,1,1
2026-05-28,/CWorthy-ocean/C-Star/commit/4d18b4427862e3b0108244a93129318a1f7b6ae9,/commit/4d18b4427862e3b0108244a93129318a1f7b6ae9,1,1
2026-05-28,/CWorthy-ocean/C-Star/pull/500,/pull/500,1,1
2026-05-28,/CWorthy-ocean/C-Star/pull/517,/pull/517,1,1
2026-05-29,/CWorthy-ocean/C-Star,Overview,4,4
2026-05-29,/CWorthy-ocean/C-Star/commit/3caaa80180671adba07ae2720b9516f7ae448091,/commit/3caaa80180671adba07ae2720b9516f7ae448091,2,2
2026-05-29,/CWorthy-ocean/C-Star/commit/ab7a4c4f850cc2142d7b823138052fbbcfc2c8ff,/commit/ab7a4c4f850cc2142d7b823138052fbbcfc2c8ff,2,2
2026-05-29,/CWorthy-ocean/C-Star/tree/refs/heads/external-apps,/tree/refs/heads/external-apps,2,2
2026-05-29,/CWorthy-ocean/C-Star/blob/main/README.md,/blob/main/README.md,1,1
2026-05-29,/CWorthy-ocean/C-Star/commit/034ec4ee06831e8018a9b3621dc9a56bbe6c4aa3,/commit/034ec4ee06831e8018a9b3621dc9a56bbe6c4aa3,1,1
2026-05-29,/CWorthy-ocean/C-Star/commit/180f4c321dc97353edc7f2ede5a52be5b09e49c7,/commit/180f4c321dc97353edc7f2ede5a52be5b09e49c7,1,1
2026-05-29,/CWorthy-ocean/C-Star/commit/3273832e840b6720018ce4bbcfe47bdc6326da77,/commit/3273832e840b6720018ce4bbcfe47bdc6326da77,1,1
2026-05-29,/CWorthy-ocean/C-Star/commit/4d18b4427862e3b0108244a93129318a1f7b6ae9,/commit/4d18b4427862e3b0108244a93129318a1f7b6ae9,1,1
2026-05-29,/CWorthy-ocean/C-Star/commit/5a2383c21fc8393c47e039e69e8a62235a03fb37,/commit/5a2383c21fc8393c47e039e69e8a62235a03fb37,1,1
2026-05-30,/CWorthy-ocean/C-Star,Overview,4,4
2026-05-30,/CWorthy-ocean/C-Star/commit/3caaa80180671adba07ae2720b9516f7ae448091,/commit/3caaa80180671adba07ae2720b9516f7ae448091,2,2
2026-05-30,/CWorthy-ocean/C-Star/commit/ab7a4c4f850cc2142d7b823138052fbbcfc2c8ff,/commit/ab7a4c4f850cc2142d7b823138052fbbcfc2c8ff,2,2
2026-05-30,/CWorthy-ocean/C-Star/tree/refs/heads/external-apps,/tree/refs/heads/external-apps,2,2
2026-05-30,/CWorthy-ocean/C-Star/blob/main/README.md,/blob/main/README.md,1,1
2026-05-30,/CWorthy-ocean/C-Star/commit/034ec4ee06831e8018a9b3621dc9a56bbe6c4aa3,/commit/034ec4ee06831e8018a9b3621dc9a56bbe6c4aa3,1,1
2026-05-30,/CWorthy-ocean/C-Star/commit/180f4c321dc97353edc7f2ede5a52be5b09e49c7,/commit/180f4c321dc97353edc7f2ede5a52be5b09e49c7,1,1
2026-05-30,/CWorthy-ocean/C-Star/commit/3273832e840b6720018ce4bbcfe47bdc6326da77,/commit/3273832e840b6720018ce4bbcfe47bdc6326da77,1,1
2026-05-30,/CWorthy-ocean/C-Star/commit/4d18b4427862e3b0108244a93129318a1f7b6ae9,/commit/4d18b4427862e3b0108244a93129318a1f7b6ae9,1,1
2026-05-30,/CWorthy-ocean/C-Star/commit/5a2383c21fc8393c47e039e69e8a62235a03fb37,/commit/5a2383c21fc8393c47e039e69e8a62235a03fb37,1,1
2026-05-31,/CWorthy-ocean/C-Star,Overview,5,5
2026-05-31,/CWorthy-ocean/C-Star/commit/3caaa80180671adba07ae2720b9516f7ae448091,/commit/3caaa80180671adba07ae2720b9516f7ae448091,2,2
2026-05-31,/CWorthy-ocean/C-Star/commit/ab7a4c4f850cc2142d7b823138052fbbcfc2c8ff,/commit/ab7a4c4f850cc2142d7b823138052fbbcfc2c8ff,2,2
2026-05-31,/CWorthy-ocean/C-Star/tree/refs/heads/external-apps,/tree/refs/heads/external-apps,2,2
2026-05-31,/CWorthy-ocean/C-Star/blob/main/README.md,/blob/main/README.md,1,1
2026-05-31,/CWorthy-ocean/C-Star/commit/034ec4ee06831e8018a9b3621dc9a56bbe6c4aa3,/commit/034ec4ee06831e8018a9b3621dc9a56bbe6c4aa3,1,1
2026-05-31,/CWorthy-ocean/C-Star/commit/180f4c321dc97353edc7f2ede5a52be5b09e49c7,/commit/180f4c321dc97353edc7f2ede5a52be5b09e49c7,1,1
2026-05-31,/CWorthy-ocean/C-Star/commit/3273832e840b6720018ce4bbcfe47bdc6326da77,/commit/3273832e840b6720018ce4bbcfe47bdc6326da77,1,1
2026-05-31,/CWorthy-ocean/C-Star/commit/4d18b4427862e3b0108244a93129318a1f7b6ae9,/commit/4d18b4427862e3b0108244a93129318a1f7b6ae9,1,1
2026-05-31,/CWorthy-ocean/C-Star/commit/5a2383c21fc8393c47e039e69e8a62235a03fb37,/commit/5a2383c21fc8393c47e039e69e8a62235a03fb37,1,1
2026-06-01,/CWorthy-ocean/C-Star,Overview,4,4
2026-06-01,/CWorthy-ocean/C-Star/commit/3caaa80180671adba07ae2720b9516f7ae448091,/commit/3caaa80180671adba07ae2720b9516f7ae448091,2,2
2026-06-01,/CWorthy-ocean/C-Star/commit/ab7a4c4f850cc2142d7b823138052fbbcfc2c8ff,/commit/ab7a4c4f850cc2142d7b823138052fbbcfc2c8ff,2,2
2026-06-01,/CWorthy-ocean/C-Star/tree/refs/heads/external-apps,/tree/refs/heads/external-apps,2,2
2026-06-01,/CWorthy-ocean/C-Star/blob/main/README.md,/blob/main/README.md,1,1
2026-06-01,/CWorthy-ocean/C-Star/commit/034ec4ee06831e8018a9b3621dc9a56bbe6c4aa3,/commit/034ec4ee06831e8018a9b3621dc9a56bbe6c4aa3,1,1
2026-06-01,/CWorthy-ocean/C-Star/commit/180f4c321dc97353edc7f2ede5a52be5b09e49c7,/commit/180f4c321dc97353edc7f2ede5a52be5b09e49c7,1,1
2026-06-01,/CWorthy-ocean/C-Star/commit/3273832e840b6720018ce4bbcfe47bdc6326da77,/commit/3273832e840b6720018ce4bbcfe47bdc6326da77,1,1
2026-06-01,/CWorthy-ocean/C-Star/commit/4d18b4427862e3b0108244a93129318a1f7b6ae9,/commit/4d18b4427862e3b0108244a93129318a1f7b6ae9,1,1
2026-06-01,/CWorthy-ocean/C-Star/commit/5a2383c21fc8393c47e039e69e8a62235a03fb37,/commit/5a2383c21fc8393c47e039e69e8a62235a03fb37,1,1
2026-06-02,/CWorthy-ocean/C-Star,Overview,4,4
2026-06-02,/CWorthy-ocean/C-Star/commit/3caaa80180671adba07ae2720b9516f7ae448091,/commit/3caaa80180671adba07ae2720b9516f7ae448091,2,2
2026-06-02,/CWorthy-ocean/C-Star/commit/ab7a4c4f850cc2142d7b823138052fbbcfc2c8ff,/commit/ab7a4c4f850cc2142d7b823138052fbbcfc2c8ff,2,2
2026-06-02,/CWorthy-ocean/C-Star/tree/refs/heads/external-apps,/tree/refs/heads/external-apps,2,2
2026-06-02,/CWorthy-ocean/C-Star/blob/main/README.md,/blob/main/README.md,1,1
2026-06-02,/CWorthy-ocean/C-Star/commit/034ec4ee06831e8018a9b3621dc9a56bbe6c4aa3,/commit/034ec4ee06831e8018a9b3621dc9a56bbe6c4aa3,1,1
2026-06-02,/CWorthy-ocean/C-Star/commit/180f4c321dc97353edc7f2ede5a52be5b09e49c7,/commit/180f4c321dc97353edc7f2ede5a52be5b09e49c7,1,1
2026-06-02,/CWorthy-ocean/C-Star/commit/3273832e840b6720018ce4bbcfe47bdc6326da77,/commit/3273832e840b6720018ce4bbcfe47bdc6326da77,1,1
2026-06-02,/CWorthy-ocean/C-Star/commit/4d18b4427862e3b0108244a93129318a1f7b6ae9,/commit/4d18b4427862e3b0108244a93129318a1f7b6ae9,1,1
2026-06-02,/CWorthy-ocean/C-Star/commit/5a2383c21fc8393c47e039e69e8a62235a03fb37,/commit/5a2383c21fc8393c47e039e69e8a62235a03fb37,1,1
2026-06-04,/CWorthy-ocean/C-Star,Overview,6,5
2026-06-04,/CWorthy-ocean/C-Star/commit/180f4c321dc97353edc7f2ede5a52be5b09e49c7,/commit/180f4c321dc97353edc7f2ede5a52be5b09e49c7,2,2
2026-06-04,/CWorthy-ocean/C-Star/commit/3caaa80180671adba07ae2720b9516f7ae448091,/commit/3caaa80180671adba07ae2720b9516f7ae448091,2,2
2026-06-04,/CWorthy-ocean/C-Star/commit/ab7a4c4f850cc2142d7b823138052fbbcfc2c8ff,/commit/ab7a4c4f850cc2142d7b823138052fbbcfc2c8ff,2,2
2026-06-04,/CWorthy-ocean/C-Star/tree/main/cstar,/tree/main/cstar,2,2
2026-06-04,/CWorthy-ocean/C-Star/blob/main/README.md,/blob/main/README.md,1,1
2026-06-04,/CWorthy-ocean/C-Star/blob/main/cstar/base/feature.py,/blob/main/cstar/base/feature.py,1,1
2026-06-04,/CWorthy-ocean/C-Star/commit/034ec4ee06831e8018a9b3621dc9a56bbe6c4aa3,/commit/034ec4ee06831e8018a9b3621dc9a56bbe6c4aa3,1,1
2026-06-04,/CWorthy-ocean/C-Star/commit/3273832e840b6720018ce4bbcfe47bdc6326da77,/commit/3273832e840b6720018ce4bbcfe47bdc6326da77,1,1
2026-06-04,/CWorthy-ocean/C-Star/commit/4d18b4427862e3b0108244a93129318a1f7b6ae9,/commit/4d18b4427862e3b0108244a93129318a1f7b6ae9,1,1
2026-06-05,/CWorthy-ocean/C-Star,Overview,9,4
2026-06-05,/CWorthy-ocean/C-Star/commit/180f4c321dc97353edc7f2ede5a52be5b09e49c7,/commit/180f4c321dc97353edc7f2ede5a52be5b09e49c7,2,2
2026-06-05,/CWorthy-ocean/C-Star/commit/3caaa80180671adba07ae2720b9516f7ae448091,/commit/3caaa80180671adba07ae2720b9516f7ae448091,2,2
2026-06-05,/CWorthy-ocean/C-Star/commit/ab7a4c4f850cc2142d7b823138052fbbcfc2c8ff,/commit/ab7a4c4f850cc2142d7b823138052fbbcfc2c8ff,2,2
2026-06-05,/CWorthy-ocean/C-Star/tree/main/cstar,/tree/main/cstar,2,2
2026-06-05,/CWorthy-ocean/C-Star/blob/main/README.md,/blob/main/README.md,1,1
2026-06-05,/CWorthy-ocean/C-Star/blob/main/cstar/base/feature.py,/blob/main/cstar/base/feature.py,1,1
2026-06-05,/CWorthy-ocean/C-Star/commit/034ec4ee06831e8018a9b3621dc9a56bbe6c4aa3,/commit/034ec4ee06831e8018a9b3621dc9a56bbe6c4aa3,1,1
2026-06-05,/CWorthy-ocean/C-Star/commit/3273832e840b6720018ce4bbcfe47bdc6326da77,/commit/3273832e840b6720018ce4bbcfe47bdc6326da77,1,1
2026-06-05,/CWorthy-ocean/C-Star/commit/4d18b4427862e3b0108244a93129318a1f7b6ae9,/commit/4d18b4427862e3b0108244a93129318a1f7b6ae9,1,1
2026-06-06,/CWorthy-ocean/C-Star,Overview,9,4
2026-06-06,/CWorthy-ocean/C-Star/commit/180f4c321dc97353edc7f2ede5a52be5b09e49c7,/commit/180f4c321dc97353edc7f2ede5a52be5b09e49c7,2,2
2026-06-06,/CWorthy-ocean/C-Star/commit/3caaa80180671adba07ae2720b9516f7ae448091,/commit/3caaa80180671adba07ae2720b9516f7ae448091,2,2
2026-06-06,/CWorthy-ocean/C-Star/commit/ab7a4c4f850cc2142d7b823138052fbbcfc2c8ff,/commit/ab7a4c4f850cc2142d7b823138052fbbcfc2c8ff,2,2
2026-06-06,/CWorthy-ocean/C-Star/tree/main/cstar,/tree/main/cstar,2,2
2026-06-06,/CWorthy-ocean/C-Star/blob/main/README.md,/blob/main/README.md,1,1
2026-06-06,/CWorthy-ocean/C-Star/blob/main/cstar/base/feature.py,/blob/main/cstar/base/feature.py,1,1
2026-06-06,/CWorthy-ocean/C-Star/commit/034ec4ee06831e8018a9b3621dc9a56bbe6c4aa3,/commit/034ec4ee06831e8018a9b3621dc9a56bbe6c4aa3,1,1
2026-06-06,/CWorthy-ocean/C-Star/commit/3273832e840b6720018ce4bbcfe47bdc6326da77,/commit/3273832e840b6720018ce4bbcfe47bdc6326da77,1,1
2026-06-06,/CWorthy-ocean/C-Star/commit/4d18b4427862e3b0108244a93129318a1f7b6ae9,/commit/4d18b4427862e3b0108244a93129318a1f7b6ae9,1,1
2026-06-07,/CWorthy-ocean/C-Star,Overview,13,8
2026-06-07,/CWorthy-ocean/C-Star/commit/180f4c321dc97353edc7f2ede5a52be5b09e49c7,/commit/180f4c321dc97353edc7f2ede5a52be5b09e49c7,2,2
2026-06-07,/CWorthy-ocean/C-Star/commit/ab7a4c4f850cc2142d7b823138052fbbcfc2c8ff,/commit/ab7a4c4f850cc2142d7b823138052fbbcfc2c8ff,2,2
2026-06-07,/CWorthy-ocean/C-Star/tree/main/cstar,/tree/main/cstar,2,2
2026-06-07,/CWorthy-ocean/C-Star/blob/main/README.md,/blob/main/README.md,1,1
2026-06-07,/CWorthy-ocean/C-Star/blob/main/cstar/base/feature.py,/blob/main/cstar/base/feature.py,1,1
2026-06-07,/CWorthy-ocean/C-Star/commit/034ec4ee06831e8018a9b3621dc9a56bbe6c4aa3,/commit/034ec4ee06831e8018a9b3621dc9a56bbe6c4aa3,1,1
2026-06-07,/CWorthy-ocean/C-Star/commit/5a2383c21fc8393c47e039e69e8a62235a03fb37,/commit/5a2383c21fc8393c47e039e69e8a62235a03fb37,1,1
2026-06-07,/CWorthy-ocean/C-Star/commit/5ff3b616142d862741c3d4c65baf477aabedaf8f,/commit/5ff3b616142d862741c3d4c65baf477aabedaf8f,1,1
2026-06-07,/CWorthy-ocean/C-Star/issues,/issues,1,1
2026-06-08,/CWorthy-ocean/C-Star,Overview,13,8
2026-06-08,/CWorthy-ocean/C-Star/commit/180f4c321dc97353edc7f2ede5a52be5b09e49c7,/commit/180f4c321dc97353edc7f2ede5a52be5b09e49c7,2,2
2026-06-08,/CWorthy-ocean/C-Star/commit/ab7a4c4f850cc2142d7b823138052fbbcfc2c8ff,/commit/ab7a4c4f850cc2142d7b823138052fbbcfc2c8ff,2,2
2026-06-08,/CWorthy-ocean/C-Star/tree/main/cstar,/tree/main/cstar,2,2
2026-06-08,/CWorthy-ocean/C-Star/blob/main/README.md,/blob/main/README.md,1,1
2026-06-08,/CWorthy-ocean/C-Star/blob/main/cstar/base/feature.py,/blob/main/cstar/base/feature.py,1,1
2026-06-08,/CWorthy-ocean/C-Star/commit/034ec4ee06831e8018a9b3621dc9a56bbe6c4aa3,/commit/034ec4ee06831e8018a9b3621dc9a56bbe6c4aa3,1,1
2026-06-08,/CWorthy-ocean/C-Star/commit/5a2383c21fc8393c47e039e69e8a62235a03fb37,/commit/5a2383c21fc8393c47e039e69e8a62235a03fb37,1,1
2026-06-08,/CWorthy-ocean/C-Star/commit/5ff3b616142d862741c3d4c65baf477aabedaf8f,/commit/5ff3b616142d862741c3d4c65baf477aabedaf8f,1,1
2026-06-08,/CWorthy-ocean/C-Star/issues,/issues,1,1
2026-06-09,/CWorthy-ocean/C-Star,Overview,13,8
2026-06-09,/CWorthy-ocean/C-Star/commit/180f4c321dc97353edc7f2ede5a52be5b09e49c7,/commit/180f4c321dc97353edc7f2ede5a52be5b09e49c7,2,2
2026-06-09,/CWorthy-ocean/C-Star/commit/ab7a4c4f850cc2142d7b823138052fbbcfc2c8ff,/commit/ab7a4c4f850cc2142d7b823138052fbbcfc2c8ff,2,2
2026-06-09,/CWorthy-ocean/C-Star/tree/main/cstar,/tree/main/cstar,2,2
2026-06-09,/CWorthy-ocean/C-Star/blob/main/README.md,/blob/main/README.md,1,1
2026-06-09,/CWorthy-ocean/C-Star/blob/main/cstar/base/feature.py,/blob/main/cstar/base/feature.py,1,1
2026-06-09,/CWorthy-ocean/C-Star/commit/034ec4ee06831e8018a9b3621dc9a56bbe6c4aa3,/commit/034ec4ee06831e8018a9b3621dc9a56bbe6c4aa3,1,1
2026-06-09,/CWorthy-ocean/C-Star/commit/5a2383c21fc8393c47e039e69e8a62235a03fb37,/commit/5a2383c21fc8393c47e039e69e8a62235a03fb37,1,1
2026-06-09,/CWorthy-ocean/C-Star/commit/5ff3b616142d862741c3d4c65baf477aabedaf8f,/commit/5ff3b616142d862741c3d4c65baf477aabedaf8f,1,1
2026-06-09,/CWorthy-ocean/C-Star/issues,/issues,1,1
2026-06-10,/CWorthy-ocean/C-Star,Overview,14,9
2026-06-10,/CWorthy-ocean/C-Star/commit/180f4c321dc97353edc7f2ede5a52be5b09e49c7,/commit/180f4c321dc97353edc7f2ede5a52be5b09e49c7,2,2
2026-06-10,/CWorthy-ocean/C-Star/commit/ab7a4c4f850cc2142d7b823138052fbbcfc2c8ff,/commit/ab7a4c4f850cc2142d7b823138052fbbcfc2c8ff,2,2
2026-06-10,/CWorthy-ocean/C-Star/tree/main/cstar,/tree/main/cstar,2,2
2026-06-10,/CWorthy-ocean/C-Star/blob/main/README.md,/blob/main/README.md,1,1
2026-06-10,/CWorthy-ocean/C-Star/blob/main/cstar/base/feature.py,/blob/main/cstar/base/feature.py,1,1
2026-06-10,/CWorthy-ocean/C-Star/commit/034ec4ee06831e8018a9b3621dc9a56bbe6c4aa3,/commit/034ec4ee06831e8018a9b3621dc9a56bbe6c4aa3,1,1
2026-06-10,/CWorthy-ocean/C-Star/commit/5a2383c21fc8393c47e039e69e8a62235a03fb37,/commit/5a2383c21fc8393c47e039e69e8a62235a03fb37,1,1
2026-06-10,/CWorthy-ocean/C-Star/commit/5ff3b616142d862741c3d4c65baf477aabedaf8f,/commit/5ff3b616142d862741c3d4c65baf477aabedaf8f,1,1
2026-06-10,/CWorthy-ocean/C-Star/issues,/issues,1,1
2026-06-11,/CWorthy-ocean/C-Star,Overview,15,10
2026-06-11,/CWorthy-ocean/C-Star/tree/main/cstar,/tree/main/cstar,2,2
2026-06-11,/CWorthy-ocean/C-Star/activity,/activity,2,1
2026-06-11,/CWorthy-ocean/C-Star/blob/main/README.md,/blob/main/README.md,1,1
2026-06-11,/CWorthy-ocean/C-Star/blob/main/cstar/base/feature.py,/blob/main/cstar/base/feature.py,1,1
2026-06-11,/CWorthy-ocean/C-Star/commit/180f4c321dc97353edc7f2ede5a52be5b09e49c7,/commit/180f4c321dc97353edc7f2ede5a52be5b09e49c7,1,1
2026-06-11,/CWorthy-ocean/C-Star/commit/5a2383c21fc8393c47e039e69e8a62235a03fb37,/commit/5a2383c21fc8393c47e039e69e8a62235a03fb37,1,1
2026-06-11,/CWorthy-ocean/C-Star/commit/5ff3b616142d862741c3d4c65baf477aabedaf8f,/commit/5ff3b616142d862741c3d4c65baf477aabedaf8f,1,1
2026-06-11,/CWorthy-ocean/C-Star/issues,/issues,1,1
2026-06-11,/CWorthy-ocean/C-Star/pull/485,/pull/485,1,1
2026-06-12,/CWorthy-ocean/C-Star,Overview,15,10
2026-06-12,/CWorthy-ocean/C-Star/tree/main/cstar,/tree/main/cstar,2,2
2026-06-12,/CWorthy-ocean/C-Star/activity,/activity,2,1
2026-06-12,/CWorthy-ocean/C-Star/blob/main/README.md,/blob/main/README.md,1,1
2026-06-12,/CWorthy-ocean/C-Star/blob/main/cstar/base/feature.py,/blob/main/cstar/base/feature.py,1,1
2026-06-12,/CWorthy-ocean/C-Star/commit/180f4c321dc97353edc7f2ede5a52be5b09e49c7,/commit/180f4c321dc97353edc7f2ede5a52be5b09e49c7,1,1
2026-06-12,/CWorthy-ocean/C-Star/commit/5a2383c21fc8393c47e039e69e8a62235a03fb37,/commit/5a2383c21fc8393c47e039e69e8a62235a03fb37,1,1
2026-06-12,/CWorthy-ocean/C-Star/commit/5ff3b616142d862741c3d4c65baf477aabedaf8f,/commit/5ff3b616142d862741c3d4c65baf477aabedaf8f,1,1
2026-06-12,/CWorthy-ocean/C-Star/issues,/issues,1,1
2026-06-12,/CWorthy-ocean/C-Star/pull/485,/pull/485,1,1
2026-06-13,/CWorthy-ocean/C-Star,Overview,15,10
2026-06-13,/CWorthy-ocean/C-Star/tree/main/cstar,/tree/main/cstar,2,2
2026-06-13,/CWorthy-ocean/C-Star/activity,/activity,2,1
2026-06-13,/CWorthy-ocean/C-Star/blob/main/README.md,/blob/main/README.md,1,1
2026-06-13,/CWorthy-ocean/C-Star/blob/main/cstar/base/feature.py,/blob/main/cstar/base/feature.py,1,1
2026-06-13,/CWorthy-ocean/C-Star/commit/180f4c321dc97353edc7f2ede5a52be5b09e49c7,/commit/180f4c321dc97353edc7f2ede5a52be5b09e49c7,1,1
2026-06-13,/CWorthy-ocean/C-Star/commit/5a2383c21fc8393c47e039e69e8a62235a03fb37,/commit/5a2383c21fc8393c47e039e69e8a62235a03fb37,1,1
2026-06-13,/CWorthy-ocean/C-Star/commit/5ff3b616142d862741c3d4c65baf477aabedaf8f,/commit/5ff3b616142d862741c3d4c65baf477aabedaf8f,1,1
2026-06-13,/CWorthy-ocean/C-Star/issues,/issues,1,1
2026-06-13,/CWorthy-ocean/C-Star/pull/485,/pull/485,1,1
2026-06-14,/CWorthy-ocean/C-Star,Overview,14,9
2026-06-14,/CWorthy-ocean/C-Star/pull/532,/pull/532,4,2
2026-06-14,/CWorthy-ocean/C-Star/pulls,/pulls,3,1
2026-06-14,/CWorthy-ocean/C-Star/pull/535,/pull/535,2,2
2026-06-14,/CWorthy-ocean/C-Star/activity,/activity,2,1
2026-06-14,/CWorthy-ocean/C-Star/pull/532/changes,/pull/532/changes,2,1
2026-06-14,/CWorthy-ocean/C-Star/pull/537/files,/pull/537/files,2,1
2026-06-14,/CWorthy-ocean/C-Star/blob/main/cstar/base/feature.py,/blob/main/cstar/base/feature.py,1,1
2026-06-14,/CWorthy-ocean/C-Star/commit/180f4c321dc97353edc7f2ede5a52be5b09e49c7,/commit/180f4c321dc97353edc7f2ede5a52be5b09e49c7,1,1
2026-06-14,/CWorthy-ocean/C-Star/commit/b52deb1ef262931569bd16d106526737c3559cbf,/commit/b52deb1ef262931569bd16d106526737c3559cbf,1,1
2026-06-15,/CWorthy-ocean/C-Star,Overview,14,9
2026-06-15,/CWorthy-ocean/C-Star/pull/532,/pull/532,4,2
2026-06-15,/CWorthy-ocean/C-Star/pulls,/pulls,3,1
2026-06-15,/CWorthy-ocean/C-Star/pull/535,/pull/535,2,2
2026-06-15,/CWorthy-ocean/C-Star/activity,/activity,2,1
2026-06-15,/CWorthy-ocean/C-Star/pull/532/changes,/pull/532/changes,2,1
2026-06-15,/CWorthy-ocean/C-Star/pull/537/files,/pull/537/files,2,1
2026-06-15,/CWorthy-ocean/C-Star/blob/main/cstar/base/feature.py,/blob/main/cstar/base/feature.py,1,1
2026-06-15,/CWorthy-ocean/C-Star/commit/180f4c321dc97353edc7f2ede5a52be5b09e49c7,/commit/180f4c321dc97353edc7f2ede5a52be5b09e49c7,1,1
2026-06-15,/CWorthy-ocean/C-Star/commit/b52deb1ef262931569bd16d106526737c3559cbf,/commit/b52deb1ef262931569bd16d106526737c3559cbf,1,1
2026-06-16,/CWorthy-ocean/C-Star,Overview,17,12
2026-06-16,/CWorthy-ocean/C-Star/pull/532,/pull/532,4,2
2026-06-16,/CWorthy-ocean/C-Star/pulls,/pulls,3,1
2026-06-16,/CWorthy-ocean/C-Star/commit/c31b4feade769eefc2399cf97d24083e8ca478e7,/commit/c31b4feade769eefc2399cf97d24083e8ca478e7,2,2
2026-06-16,/CWorthy-ocean/C-Star/activity,/activity,2,1
2026-06-16,/CWorthy-ocean/C-Star/pull/532/changes,/pull/532/changes,2,1
2026-06-16,/CWorthy-ocean/C-Star/pull/537/files,/pull/537/files,2,1
2026-06-16,/CWorthy-ocean/C-Star/commit/b52deb1ef262931569bd16d106526737c3559cbf,/commit/b52deb1ef262931569bd16d106526737c3559cbf,1,1
2026-06-16,/CWorthy-ocean/C-Star/issues/39,/issues/39,1,1
2026-06-16,/CWorthy-ocean/C-Star/issues/9,/issues/9,1,1
2026-06-17,/CWorthy-ocean/C-Star,Overview,16,12
2026-06-17,/CWorthy-ocean/C-Star/pull/532,/pull/532,4,2
2026-06-17,/CWorthy-ocean/C-Star/pulls,/pulls,3,1
2026-06-17,/CWorthy-ocean/C-Star/commit/c31b4feade769eefc2399cf97d24083e8ca478e7,/commit/c31b4feade769eefc2399cf97d24083e8ca478e7,2,2
2026-06-17,/CWorthy-ocean/C-Star/activity,/activity,2,1
2026-06-17,/CWorthy-ocean/C-Star/pull/532/changes,/pull/532/changes,2,1
2026-06-17,/CWorthy-ocean/C-Star/pull/537/files,/pull/537/files,2,1
2026-06-17,/CWorthy-ocean/C-Star/commit/b52deb1ef262931569bd16d106526737c3559cbf,/commit/b52deb1ef262931569bd16d106526737c3559cbf,1,1
2026-06-17,/CWorthy-ocean/C-Star/issues/39,/issues/39,1,1
2026-06-17,/CWorthy-ocean/C-Star/issues/9,/issues/9,1,1
2026-06-18,/CWorthy-ocean/C-Star,Overview,17,12
2026-06-18,/CWorthy-ocean/C-Star/pull/532,/pull/532,4,2
2026-06-18,/CWorthy-ocean/C-Star/commit/c31b4feade769eefc2399cf97d24083e8ca478e7,/commit/c31b4feade769eefc2399cf97d24083e8ca478e7,2,2
2026-06-18,/CWorthy-ocean/C-Star/activity,/activity,2,1
2026-06-18,/CWorthy-ocean/C-Star/pull/532/changes,/pull/532/changes,2,1
2026-06-18,/CWorthy-ocean/C-Star/pulls,/pulls,2,1
2026-06-18,/CWorthy-ocean/C-Star/commit/b52deb1ef262931569bd16d106526737c3559cbf,/commit/b52deb1ef262931569bd16d106526737c3559cbf,1,1
2026-06-18,/CWorthy-ocean/C-Star/issues/39,/issues/39,1,1
2026-06-18,/CWorthy-ocean/C-Star/issues/9,/issues/9,1,1
2026-06-18,/CWorthy-ocean/C-Star/pull/523,/pull/523,1,1
2026-06-19,/CWorthy-ocean/C-Star,Overview,16,15
2026-06-19,/CWorthy-ocean/C-Star/pulls,/pulls,10,2
2026-06-19,/CWorthy-ocean/C-Star/pull/554/changes,/pull/554/changes,6,1
2026-06-19,/CWorthy-ocean/C-Star/pull/532,/pull/532,5,2
2026-06-19,/CWorthy-ocean/C-Star/pull/554,/pull/554,4,1
2026-06-19,/CWorthy-ocean/C-Star/pull/528,/pull/528,3,3
2026-06-19,/CWorthy-ocean/C-Star/commit/c31b4feade769eefc2399cf97d24083e8ca478e7,/commit/c31b4feade769eefc2399cf97d24083e8ca478e7,2,2
2026-06-19,/CWorthy-ocean/C-Star/pull/545,/pull/545,2,2
2026-06-19,/CWorthy-ocean/C-Star/activity,/activity,2,1
2026-06-19,/CWorthy-ocean/C-Star/blob/envvar-disco/cstar/base/env.py,/blob/envvar-disco/cstar/base/env.py,2,1
2026-06-20,/CWorthy-ocean/C-Star,Overview,15,15
2026-06-20,/CWorthy-ocean/C-Star/pulls,/pulls,13,2
2026-06-20,/CWorthy-ocean/C-Star/pull/554/changes,/pull/554/changes,6,1
2026-06-20,/CWorthy-ocean/C-Star/pull/532,/pull/532,5,2
2026-06-20,/CWorthy-ocean/C-Star/pull/554,/pull/554,4,1
2026-06-20,/CWorthy-ocean/C-Star/pull/528,/pull/528,3,3
2026-06-20,/CWorthy-ocean/C-Star/commit/c31b4feade769eefc2399cf97d24083e8ca478e7,/commit/c31b4feade769eefc2399cf97d24083e8ca478e7,2,2
2026-06-20,/CWorthy-ocean/C-Star/pull/545,/pull/545,2,2
2026-06-20,/CWorthy-ocean/C-Star/activity,/activity,2,1
2026-06-20,/CWorthy-ocean/C-Star/blob/envvar-disco/cstar/base/env.py,/blob/envvar-disco/cstar/base/env.py,2,1
2026-06-21,/CWorthy-ocean/C-Star,Overview,15,15
2026-06-21,/CWorthy-ocean/C-Star/pulls,/pulls,13,2
2026-06-21,/CWorthy-ocean/C-Star/pull/554/changes,/pull/554/changes,6,1
2026-06-21,/CWorthy-ocean/C-Star/pull/532,/pull/532,5,2
2026-06-21,/CWorthy-ocean/C-Star/pull/554,/pull/554,4,1
2026-06-21,/CWorthy-ocean/C-Star/pull/528,/pull/528,3,3
2026-06-21,/CWorthy-ocean/C-Star/commit/c31b4feade769eefc2399cf97d24083e8ca478e7,/commit/c31b4feade769eefc2399cf97d24083e8ca478e7,2,2
2026-06-21,/CWorthy-ocean/C-Star/pull/545,/pull/545,2,2
2026-06-21,/CWorthy-ocean/C-Star/activity,/activity,2,1
2026-06-21,/CWorthy-ocean/C-Star/blob/envvar-disco/cstar/base/env.py,/blob/envvar-disco/cstar/base/env.py,2,1
2026-06-22,/CWorthy-ocean/C-Star,Overview,16,16
2026-06-22,/CWorthy-ocean/C-Star/pulls,/pulls,13,2
2026-06-22,/CWorthy-ocean/C-Star/pull/554/changes,/pull/554/changes,6,1
2026-06-22,/CWorthy-ocean/C-Star/pull/532,/pull/532,5,2
2026-06-22,/CWorthy-ocean/C-Star/pull/554,/pull/554,4,1
2026-06-22,/CWorthy-ocean/C-Star/pull/528,/pull/528,3,3
2026-06-22,/CWorthy-ocean/C-Star/commit/c31b4feade769eefc2399cf97d24083e8ca478e7,/commit/c31b4feade769eefc2399cf97d24083e8ca478e7,2,2
2026-06-22,/CWorthy-ocean/C-Star/pull/545,/pull/545,2,2
2026-06-22,/CWorthy-ocean/C-Star/activity,/activity,2,1
2026-06-22,/CWorthy-ocean/C-Star/blob/envvar-disco/cstar/base/env.py,/blob/envvar-disco/cstar/base/env.py,2,1
2026-06-23,/CWorthy-ocean/C-Star,Overview,16,16
2026-06-23,/CWorthy-ocean/C-Star/pulls,/pulls,13,2
2026-06-23,/CWorthy-ocean/C-Star/pull/554/changes,/pull/554/changes,6,1
2026-06-23,/CWorthy-ocean/C-Star/pull/532,/pull/532,5,2
2026-06-23,/CWorthy-ocean/C-Star/pull/554,/pull/554,4,1
2026-06-23,/CWorthy-ocean/C-Star/pull/528,/pull/528,3,3
2026-06-23,/CWorthy-ocean/C-Star/commit/c31b4feade769eefc2399cf97d24083e8ca478e7,/commit/c31b4feade769eefc2399cf97d24083e8ca478e7,2,2
2026-06-23,/CWorthy-ocean/C-Star/pull/545,/pull/545,2,2
2026-06-23,/CWorthy-ocean/C-Star/activity,/activity,2,1
2026-06-23,/CWorthy-ocean/C-Star/blob/envvar-disco/cstar/base/env.py,/blob/envvar-disco/cstar/base/env.py,2,1
2026-06-24,/CWorthy-ocean/C-Star,Overview,17,17
2026-06-24,/CWorthy-ocean/C-Star/pulls,/pulls,13,2
2026-06-24,/CWorthy-ocean/C-Star/pull/554/changes,/pull/554/changes,6,1
2026-06-24,/CWorthy-ocean/C-Star/pull/532,/pull/532,5,2
2026-06-24,/CWorthy-ocean/C-Star/pull/554,/pull/554,4,1
2026-06-24,/CWorthy-ocean/C-Star/pull/528,/pull/528,3,3
2026-06-24,/CWorthy-ocean/C-Star/commit/c31b4feade769eefc2399cf97d24083e8ca478e7,/commit/c31b4feade769eefc2399cf97d24083e8ca478e7,2,2
2026-06-24,/CWorthy-ocean/C-Star/pull/545,/pull/545,2,2
2026-06-24,/CWorthy-ocean/C-Star/activity,/activity,2,1
2026-06-24,/CWorthy-ocean/C-Star/blob/envvar-disco/cstar/base/env.py,/blob/envvar-disco/cstar/base/env.py,2,1
2026-06-25,/CWorthy-ocean/C-Star,Overview,17,17
2026-06-25,/CWorthy-ocean/C-Star/pulls,/pulls,13,2
2026-06-25,/CWorthy-ocean/C-Star/pull/554/changes,/pull/554/changes,6,1
2026-06-25,/CWorthy-ocean/C-Star/pull/532,/pull/532,5,2
2026-06-25,/CWorthy-ocean/C-Star/pull/554,/pull/554,4,1
2026-06-25,/CWorthy-ocean/C-Star/pull/528,/pull/528,3,3
2026-06-25,/CWorthy-ocean/C-Star/commit/c31b4feade769eefc2399cf97d24083e8ca478e7,/commit/c31b4feade769eefc2399cf97d24083e8ca478e7,2,2
2026-06-25,/CWorthy-ocean/C-Star/pull/545,/pull/545,2,2
2026-06-25,/CWorthy-ocean/C-Star/blob/envvar-disco/cstar/base/env.py,/blob/envvar-disco/cstar/base/env.py,2,1
2026-06-25,/CWorthy-ocean/C-Star/edit/envvar-disco/cstar/base/env.py,/edit/envvar-disco/cstar/base/env.py,2,1
2026-06-26,/CWorthy-ocean/C-Star,Overview,17,17
2026-06-26,/CWorthy-ocean/C-Star/pulls,/pulls,13,2
2026-06-26,/CWorthy-ocean/C-Star/pull/554/changes,/pull/554/changes,6,1
2026-06-26,/CWorthy-ocean/C-Star/pull/532,/pull/532,5,2
2026-06-26,/CWorthy-ocean/C-Star/pull/554,/pull/554,4,1
2026-06-26,/CWorthy-ocean/C-Star/pull/528,/pull/528,3,3
2026-06-26,/CWorthy-ocean/C-Star/commit/c31b4feade769eefc2399cf97d24083e8ca478e7,/commit/c31b4feade769eefc2399cf97d24083e8ca478e7,2,2
2026-06-26,/CWorthy-ocean/C-Star/pull/545,/pull/545,2,2
2026-06-26,/CWorthy-ocean/C-Star/blob/envvar-disco/cstar/base/env.py,/blob/envvar-disco/cstar/base/env.py,2,1
2026-06-26,/CWorthy-ocean/C-Star/edit/envvar-disco/cstar/base/env.py,/edit/envvar-disco/cstar/base/env.py,2,1
2026-06-28,/CWorthy-ocean/C-Star/pulls,/pulls,37,1
2026-06-28,/CWorthy-ocean/C-Star,Overview,21,20
2026-06-28,/CWorthy-ocean/C-Star/pull/528,/pull/528,17,4
2026-06-28,/CWorthy-ocean/C-Star/pull/528/changes,/pull/528/changes,12,1
2026-06-28,/CWorthy-ocean/C-Star/pull/554/changes,/pull/554/changes,6,1
2026-06-28,/CWorthy-ocean/C-Star/pull/566,/pull/566,6,1
2026-06-28,/CWorthy-ocean/C-Star/pull/554,/pull/554,4,1
2026-06-28,/CWorthy-ocean/C-Star/pull/567,/pull/567,4,1
2026-06-28,/CWorthy-ocean/C-Star/pull/551/changes,/pull/551/changes,3,1
2026-06-28,/CWorthy-ocean/C-Star/pull/565,/pull/565,3,1
2026-06-29,/CWorthy-ocean/C-Star/pulls,/pulls,37,1
2026-06-29,/CWorthy-ocean/C-Star,Overview,21,20
2026-06-29,/CWorthy-ocean/C-Star/pull/528,/pull/528,17,4
2026-06-29,/CWorthy-ocean/C-Star/pull/528/changes,/pull/528/changes,12,1
2026-06-29,/CWorthy-ocean/C-Star/pull/554/changes,/pull/554/changes,6,1
2026-06-29,/CWorthy-ocean/C-Star/pull/566,/pull/566,6,1
2026-06-29,/CWorthy-ocean/C-Star/pull/554,/pull/554,4,1
2026-06-29,/CWorthy-ocean/C-Star/pull/567,/pull/567,4,1
2026-06-29,/CWorthy-ocean/C-Star/pull/551/changes,/pull/551/changes,3,1
2026-06-29,/CWorthy-ocean/C-Star/pull/565,/pull/565,3,1
2026-06-30,/CWorthy-ocean/C-Star/pulls,/pulls,37,1
2026-06-30,/CWorthy-ocean/C-Star,Overview,21,20
2026-06-30,/CWorthy-ocean/C-Star/pull/528,/pull/528,17,4
2026-06-30,/CWorthy-ocean/C-Star/pull/528/changes,/pull/528/changes,12,1
2026-06-30,/CWorthy-ocean/C-Star/pull/554/changes,/pull/554/changes,6,1
2026-06-30,/CWorthy-ocean/C-Star/pull/566,/pull/566,6,1
2026-06-30,/CWorthy-ocean/C-Star/pull/554,/pull/554,4,1
2026-06-30,/CWorthy-ocean/C-Star/pull/567,/pull/567,4,1
2026-06-30,/CWorthy-ocean/C-Star/pull/551/changes,/pull/551/changes,3,1
2026-06-30,/CWorthy-ocean/C-Star/pull/565,/pull/565,3,1
2026-07-01,/CWorthy-ocean/C-Star/pulls,/pulls,82,1
2026-07-01,/CWorthy-ocean/C-Star,Overview,21,18
2026-07-01,/CWorthy-ocean/C-Star/pull/528,/pull/528,19,4
2026-07-01,/CWorthy-ocean/C-Star/pull/528/changes,/pull/528/changes,14,1
2026-07-01,/CWorthy-ocean/C-Star/pull/569,/pull/569,11,1
2026-07-01,/CWorthy-ocean/C-Star/pull/572/changes,/pull/572/changes,10,2
2026-07-01,/CWorthy-ocean/C-Star/pull/572,/pull/572,10,1
2026-07-01,/CWorthy-ocean/C-Star/pull/571,/pull/571,8,2
2026-07-01,/CWorthy-ocean/C-Star/pull/568,/pull/568,8,1
2026-07-01,/CWorthy-ocean/C-Star/pull/554/changes,/pull/554/changes,6,1
2026-07-02,/CWorthy-ocean/C-Star/pulls,/pulls,100,1
2026-07-02,/CWorthy-ocean/C-Star,Overview,22,19
2026-07-02,/CWorthy-ocean/C-Star/pull/528,/pull/528,19,4
2026-07-02,/CWorthy-ocean/C-Star/pull/572,/pull/572,16,1
2026-07-02,/CWorthy-ocean/C-Star/pull/528/changes,/pull/528/changes,14,1
2026-07-02,/CWorthy-ocean/C-Star/pull/572/changes,/pull/572/changes,12,2
2026-07-02,/CWorthy-ocean/C-Star/pull/569,/pull/569,11,1
2026-07-02,/CWorthy-ocean/C-Star/pull/571,/pull/571,8,2
2026-07-02,/CWorthy-ocean/C-Star/pull/568,/pull/568,8,1
2026-07-02,/CWorthy-ocean/C-Star/pull/573,/pull/573,8,1
2026-07-03,/CWorthy-ocean/C-Star/pulls,/pulls,102,1
2026-07-03,/CWorthy-ocean/C-Star,Overview,21,18
2026-07-03,/CWorthy-ocean/C-Star/pull/572,/pull/572,18,1
2026-07-03,/CWorthy-ocean/C-Star/pull/528,/pull/528,16,1
2026-07-03,/CWorthy-ocean/C-Star/pull/572/changes,/pull/572/changes,14,2
2026-07-03,/CWorthy-ocean/C-Star/pull/528/changes,/pull/528/changes,14,1
2026-07-03,/CWorthy-ocean/C-Star/pull/569,/pull/569,11,1
2026-07-03,/CWorthy-ocean/C-Star/pull/571,/pull/571,8,2
2026-07-03,/CWorthy-ocean/C-Star/pull/568,/pull/568,8,1
2026-07-03,/CWorthy-ocean/C-Star/pull/573,/pull/573,8,1
2026-07-04,/CWorthy-ocean/C-Star/pulls,/pulls,110,1
2026-07-04,/CWorthy-ocean/C-Star,Overview,20,17
2026-07-04,/CWorthy-ocean/C-Star/pull/572,/pull/572,18,1
2026-07-04,/CWorthy-ocean/C-Star/pull/528,/pull/528,16,1
2026-07-04,/CWorthy-ocean/C-Star/pull/572/changes,/pull/572/changes,14,2
2026-07-04,/CWorthy-ocean/C-Star/pull/528/changes,/pull/528/changes,14,1
2026-07-04,/CWorthy-ocean/C-Star/pull/569,/pull/569,11,1
2026-07-04,/CWorthy-ocean/C-Star/pull/571,/pull/571,8,2
2026-07-04,/CWorthy-ocean/C-Star/pull/568,/pull/568,8,1
2026-07-04,/CWorthy-ocean/C-Star/pull/573,/pull/573,8,1
2026-07-05,/CWorthy-ocean/C-Star/pulls,/pulls,110,1
2026-07-05,/CWorthy-ocean/C-Star,Overview,19,16
2026-07-05,/CWorthy-ocean/C-Star/pull/572,/pull/572,18,1
2026-07-05,/CWorthy-ocean/C-Star/pull/528,/pull/528,16,1
2026-07-05,/CWorthy-ocean/C-Star/pull/572/changes,/pull/572/changes,14,2
2026-07-05,/CWorthy-ocean/C-Star/pull/528/changes,/pull/528/changes,14,1
2026-07-05,/CWorthy-ocean/C-Star/pull/569,/pull/569,11,1
2026-07-05,/CWorthy-ocean/C-Star/pull/571,/pull/571,8,2
2026-07-05,/CWorthy-ocean/C-Star/pull/568,/pull/568,8,1
2026-07-05,/CWorthy-ocean/C-Star/pull/573,/pull/573,8,1
2026-07-07,/CWorthy-ocean/C-Star/pulls,/pulls,110,1
2026-07-07,/CWorthy-ocean/C-Star/pull/572,/pull/572,18,1
2026-07-07,/CWorthy-ocean/C-Star,Overview,17,14
2026-07-07,/CWorthy-ocean/C-Star/pull/528,/pull/528,16,1
2026-07-07,/CWorthy-ocean/C-Star/pull/572/changes,/pull/572/changes,14,2
2026-07-07,/CWorthy-ocean/C-Star/pull/528/changes,/pull/528/changes,14,1
2026-07-07,/CWorthy-ocean/C-Star/pull/569,/pull/569,11,1
2026-07-07,/CWorthy-ocean/C-Star/pull/571,/pull/571,8,2
2026-07-07,/CWorthy-ocean/C-Star/pull/568,/pull/568,8,1
2026-07-07,/CWorthy-ocean/C-Star/pull/573,/pull/573,8,1
2026-07-09,/CWorthy-ocean/C-Star/pulls,/pulls,126,1
2026-07-09,/CWorthy-ocean/C-Star,Overview,22,17
2026-07-09,/CWorthy-ocean/C-Star/pull/572,/pull/572,19,1
2026-07-09,/CWorthy-ocean/C-Star/pull/528,/pull/528,16,1
2026-07-09,/CWorthy-ocean/C-Star/pull/572/changes,/pull/572/changes,15,2
2026-07-09,/CWorthy-ocean/C-Star/pull/528/changes,/pull/528/changes,14,1
2026-07-09,/CWorthy-ocean/C-Star/pull/569,/pull/569,12,1
2026-07-09,/CWorthy-ocean/C-Star/pull/579,/pull/579,11,2
2026-07-09,/CWorthy-ocean/C-Star/pull/571,/pull/571,8,2
2026-07-09,/CWorthy-ocean/C-Star/pull/568,/pull/568,8,1
2026-07-10,/CWorthy-ocean/C-Star/pulls,/pulls,150,2
2026-07-10,/CWorthy-ocean/C-Star,Overview,28,18
2026-07-10,/CWorthy-ocean/C-Star/pull/572,/pull/572,23,1
2026-07-10,/CWorthy-ocean/C-Star/pull/572/changes,/pull/572/changes,17,2
2026-07-10,/CWorthy-ocean/C-Star/pull/528,/pull/528,16,1
2026-07-10,/CWorthy-ocean/C-Star/pull/528/changes,/pull/528/changes,14,1
2026-07-10,/CWorthy-ocean/C-Star/pull/569,/pull/569,12,1
2026-07-10,/CWorthy-ocean/C-Star/pull/579,/pull/579,11,2
2026-07-10,/CWorthy-ocean/C-Star/pull/573,/pull/573,9,2
2026-07-10,/CWorthy-ocean/C-Star/pull/581,/pull/581,9,1
2026-07-11,/CWorthy-ocean/C-Star/pulls,/pulls,137,2
2026-07-11,/CWorthy-ocean/C-Star/pull/572,/pull/572,34,1
2026-07-11,/CWorthy-ocean/C-Star,Overview,25,16
2026-07-11,/CWorthy-ocean/C-Star/pull/572/changes,/pull/572/changes,23,2
2026-07-11,/CWorthy-ocean/C-Star/pull/569,/pull/569,12,1
2026-07-11,/CWorthy-ocean/C-Star/pull/579,/pull/579,11,2
2026-07-11,/CWorthy-ocean/C-Star/pull/573,/pull/573,9,2
2026-07-11,/CWorthy-ocean/C-Star/pull/580,/pull/580,9,1
2026-07-11,/CWorthy-ocean/C-Star/pull/581,/pull/581,9,1
2026-07-11,/CWorthy-ocean/C-Star/pull/584,/pull/584,9,1
2026-07-12,/CWorthy-ocean/C-Star/pulls,/pulls,148,2
2026-07-12,/CWorthy-ocean/C-Star/pull/572,/pull/572,42,1
2026-07-12,/CWorthy-ocean/C-Star,Overview,27,17
2026-07-12,/CWorthy-ocean/C-Star/pull/572/changes,/pull/572/changes,27,2
2026-07-12,/CWorthy-ocean/C-Star/pull/569,/pull/569,12,1
2026-07-12,/CWorthy-ocean/C-Star/pull/579,/pull/579,11,2
2026-07-12,/CWorthy-ocean/C-Star/pull/580,/pull/580,10,2
2026-07-12,/CWorthy-ocean/C-Star/pull/584,/pull/584,10,1
2026-07-12,/CWorthy-ocean/C-Star/pull/573,/pull/573,9,2
2026-07-12,/CWorthy-ocean/C-Star/pull/581,/pull/581,9,1
2026-07-13,/CWorthy-ocean/C-Star/pulls,/pulls,148,2
2026-07-13,/CWorthy-ocean/C-Star/pull/572,/pull/572,42,1
2026-07-13,/CWorthy-ocean/C-Star,Overview,27,17
2026-07-13,/CWorthy-ocean/C-Star/pull/572/changes,/pull/572/changes,27,2
2026-07-13,/CWorthy-ocean/C-Star/pull/569,/pull/569,12,1
2026-07-13,/CWorthy-ocean/C-Star/pull/579,/pull/579,11,2
2026-07-13,/CWorthy-ocean/C-Star/pull/580,/pull/580,10,2
2026-07-13,/CWorthy-ocean/C-Star/pull/584,/pull/584,10,1
2026-07-13,/CWorthy-ocean/C-Star/pull/573,/pull/573,9,2
2026-07-13,/CWorthy-ocean/C-Star/pull/581,/pull/581,9,1
2026-07-14,/CWorthy-ocean/C-Star/pulls,/pulls,113,2
2026-07-14,/CWorthy-ocean/C-Star/pull/572,/pull/572,34,1
2026-07-14,/CWorthy-ocean/C-Star,Overview,31,20
2026-07-14,/CWorthy-ocean/C-Star/pull/572/changes,/pull/572/changes,23,2
2026-07-14,/CWorthy-ocean/C-Star/pull/579,/pull/579,11,2
2026-07-14,/CWorthy-ocean/C-Star/pull/580,/pull/580,10,2
2026-07-14,/CWorthy-ocean/C-Star/pull/584,/pull/584,10,1
2026-07-14,/CWorthy-ocean/C-Star/pull/573,/pull/573,9,2
2026-07-14,/CWorthy-ocean/C-Star/pull/581,/pull/581,9,1
2026-07-14,/CWorthy-ocean/C-Star/pull/578,/pull/578,8,3
2026-07-15,/CWorthy-ocean/C-Star/pulls,/pulls,112,2
2026-07-15,/CWorthy-ocean/C-Star/pull/572,/pull/572,35,1
2026-07-15,/CWorthy-ocean/C-Star,Overview,28,17
2026-07-15,/CWorthy-ocean/C-Star/pull/572/changes,/pull/572/changes,19,1
2026-07-15,/CWorthy-ocean/C-Star/pull/579,/pull/579,11,2
2026-07-15,/CWorthy-ocean/C-Star/pull/580,/pull/580,10,2
2026-07-15,/CWorthy-ocean/C-Star/pull/584,/pull/584,10,1
2026-07-15,/CWorthy-ocean/C-Star/pull/573,/pull/573,9,2
2026-07-15,/CWorthy-ocean/C-Star/pull/581,/pull/581,9,1
2026-07-15,/CWorthy-ocean/C-Star/pull/578,/pull/578,8,3
2026-07-16,/CWorthy-ocean/C-Star/pulls,/pulls,95,2
2026-07-16,/CWorthy-ocean/C-Star/pull/572,/pull/572,29,1
2026-07-16,/CWorthy-ocean/C-Star,Overview,27,16
2026-07-16,/CWorthy-ocean/C-Star/pull/572/changes,/pull/572/changes,17,1
2026-07-16,/CWorthy-ocean/C-Star/pull/579,/pull/579,11,2
2026-07-16,/CWorthy-ocean/C-Star/pull/580,/pull/580,10,2
2026-07-16,/CWorthy-ocean/C-Star/pull/584,/pull/584,10,1
2026-07-16,/CWorthy-ocean/C-Star/pull/581,/pull/581,9,1
2026-07-16,/CWorthy-ocean/C-Star/pull/578,/pull/578,8,3
2026-07-16,/CWorthy-ocean/C-Star/pull/587/changes,/pull/587/changes,8,1
2026-07-17,/CWorthy-ocean/C-Star/pulls,/pulls,88,2
2026-07-17,/CWorthy-ocean/C-Star/pull/572,/pull/572,27,1
2026-07-17,/CWorthy-ocean/C-Star,Overview,25,14
2026-07-17,/CWorthy-ocean/C-Star/pull/572/changes,/pull/572/changes,15,1
2026-07-17,/CWorthy-ocean/C-Star/pull/579,/pull/579,11,2
2026-07-17,/CWorthy-ocean/C-Star/pull/580,/pull/580,11,2
2026-07-17,/CWorthy-ocean/C-Star/pull/584,/pull/584,10,1
2026-07-17,/CWorthy-ocean/C-Star/pull/589,/pull/589,10,1
2026-07-17,/CWorthy-ocean/C-Star/pull/581,/pull/581,9,1
2026-07-17,/CWorthy-ocean/C-Star/pull/587/changes,/pull/587/changes,8,1
2026-07-18,/CWorthy-ocean/C-Star/pulls,/pulls,103,2
2026-07-18,/CWorthy-ocean/C-Star/pull/572,/pull/572,28,1
2026-07-18,/CWorthy-ocean/C-Star,Overview,25,14
2026-07-18,/CWorthy-ocean/C-Star/pull/572/changes,/pull/572/changes,16,1
2026-07-18,/CWorthy-ocean/C-Star/pull/589,/pull/589,13,1
2026-07-18,/CWorthy-ocean/C-Star/pull/580,/pull/580,12,2
2026-07-18,/CWorthy-ocean/C-Star/pull/584,/pull/584,11,1
2026-07-18,/CWorthy-ocean/C-Star/pull/581,/pull/581,9,1
2026-07-18,/CWorthy-ocean/C-Star/pull/587/changes,/pull/587/changes,9,1
2026-07-18,/CWorthy-ocean/C-Star/pull/584/changes,/pull/584/changes,8,1
2026-07-19,/CWorthy-ocean/C-Star/pulls,/pulls,114,2
2026-07-19,/CWorthy-ocean/C-Star,Overview,29,15
2026-07-19,/CWorthy-ocean/C-Star/pull/572,/pull/572,28,1
2026-07-19,/CWorthy-ocean/C-Star/pull/580,/pull/580,17,2
2026-07-19,/CWorthy-ocean/C-Star/pull/572/changes,/pull/572/changes,16,1
2026-07-19,/CWorthy-ocean/C-Star/pull/589,/pull/589,16,1
2026-07-19,/CWorthy-ocean/C-Star/pull/584,/pull/584,13,1
2026-07-19,/CWorthy-ocean/C-Star/pull/580/changes,/pull/580/changes,10,1
2026-07-19,/CWorthy-ocean/C-Star/pull/581,/pull/581,9,1
2026-07-19,/CWorthy-ocean/C-Star/pull/584/changes,/pull/584/changes,9,1
2026-07-20,/CWorthy-ocean/C-Star/pulls,/pulls,115,3
2026-07-20,/CWorthy-ocean/C-Star,Overview,33,17
2026-07-20,/CWorthy-ocean/C-Star/pull/572,/pull/572,28,1
2026-07-20,/CWorthy-ocean/C-Star/pull/580,/pull/580,17,2
2026-07-20,/CWorthy-ocean/C-Star/pull/589,/pull/589,17,2
2026-07-20,/CWorthy-ocean/C-Star/pull/572/changes,/pull/572/changes,16,1
2026-07-20,/CWorthy-ocean/C-Star/pull/584,/pull/584,13,1
2026-07-20,/CWorthy-ocean/C-Star/pull/581,/pull/581,10,2
2026-07-20,/CWorthy-ocean/C-Star/pull/580/changes,/pull/580/changes,10,1
2026-07-20,/CWorthy-ocean/C-Star/pull/584/changes,/pull/584/changes,9,1
2026-07-21,/CWorthy-ocean/C-Star/pulls,/pulls,122,3
2026-07-21,/CWorthy-ocean/C-Star,Overview,34,17
2026-07-21,/CWorthy-ocean/C-Star/pull/572,/pull/572,28,1
2026-07-21,/CWorthy-ocean/C-Star/pull/589,/pull/589,18,2
2026-07-21,/CWorthy-ocean/C-Star/pull/580,/pull/580,17,2
2026-07-21,/CWorthy-ocean/C-Star/pull/572/changes,/pull/572/changes,16,1
2026-07-21,/CWorthy-ocean/C-Star/pull/584,/pull/584,15,1
2026-07-21,/CWorthy-ocean/C-Star/pull/584/changes,/pull/584/changes,11,1
2026-07-21,/CWorthy-ocean/C-Star/pull/581,/pull/581,10,2
2026-07-21,/CWorthy-ocean/C-Star/pull/580/changes,/pull/580/changes,10,1
2026-07-22,/CWorthy-ocean/C-Star/pulls,/pulls,151,3
2026-07-22,/CWorthy-ocean/C-Star,Overview,31,15
2026-07-22,/CWorthy-ocean/C-Star/pull/572,/pull/572,31,1
2026-07-22,/CWorthy-ocean/C-Star/pull/580,/pull/580,21,2
2026-07-22,/CWorthy-ocean/C-Star/pull/589,/pull/589,21,2
2026-07-22,/CWorthy-ocean/C-Star/pull/584,/pull/584,21,1
2026-07-22,/CWorthy-ocean/C-Star/pull/572/changes,/pull/572/changes,19,1
2026-07-22,/CWorthy-ocean/C-Star/pull/584/changes,/pull/584/changes,17,1
2026-07-22,/CWorthy-ocean/C-Star/pull/593,/pull/593,14,1
2026-07-22,/CWorthy-ocean/C-Star/pull/581,/pull/581,10,2
2026-07-23,/CWorthy-ocean/C-Star/pulls,/pulls,186,3
2026-07-23,/CWorthy-ocean/C-Star/pull/572,/pull/572,33,2
2026-07-23,/CWorthy-ocean/C-Star,Overview,28,15
2026-07-23,/CWorthy-ocean/C-Star/pull/584,/pull/584,23,1
2026-07-23,/CWorthy-ocean/C-Star/pull/589,/pull/589,21,2
2026-07-23,/CWorthy-ocean/C-Star/pull/580,/pull/580,20,2
2026-07-23,/CWorthy-ocean/C-Star/pull/572/changes,/pull/572/changes,19,1
2026-07-23,/CWorthy-ocean/C-Star/pull/584/changes,/pull/584/changes,17,1
2026-07-23,/CWorthy-ocean/C-Star/pull/593,/pull/593,14,1
2026-07-23,/CWorthy-ocean/C-Star/pull/597,/pull/597,14,1
2026-07-24,/CWorthy-ocean/C-Star/pulls,/pulls,187,2
2026-07-24,/CWorthy-ocean/C-Star/pull/572,/pull/572,31,2
2026-07-24,/CWorthy-ocean/C-Star/pull/584,/pull/584,22,1
2026-07-24,/CWorthy-ocean/C-Star,Overview,21,13
2026-07-24,/CWorthy-ocean/C-Star/pull/589,/pull/589,21,2
2026-07-24,/CWorthy-ocean/C-Star/pull/587/changes,/pull/587/changes,21,1
2026-07-24,/CWorthy-ocean/C-Star/pull/572/changes,/pull/572/changes,17,1
2026-07-24,/CWorthy-ocean/C-Star/pull/584/changes,/pull/584/changes,17,1
2026-07-24,/CWorthy-ocean/C-Star/pull/580,/pull/580,15,2
2026-07-24,/CWorthy-ocean/C-Star/pull/587,/pull/587,15,1
2026-07-25,/CWorthy-ocean/C-Star/pulls,/pulls,229,2
2026-07-25,/CWorthy-ocean/C-Star/pull/595,/pull/595,33,1
2026-07-25,/CWorthy-ocean/C-Star/pull/587/changes,/pull/587/changes,30,1
2026-07-25,/CWorthy-ocean/C-Star/pull/587,/pull/587,29,1
2026-07-25,/CWorthy-ocean/C-Star/pull/572,/pull/572,22,2
2026-07-25,/CWorthy-ocean/C-Star/pull/589,/pull/589,21,2
2026-07-25,/CWorthy-ocean/C-Star,Overview,20,12
2026-07-25,/CWorthy-ocean/C-Star/pull/584,/pull/584,18,1
2026-07-25,/CWorthy-ocean/C-Star/pull/595/changes,/pull/595/changes,16,1
2026-07-25,/CWorthy-ocean/C-Star/pull/584/changes,/pull/584/changes,15,1
2026-07-26,/CWorthy-ocean/C-Star/pulls,/pulls,218,2
2026-07-26,/CWorthy-ocean/C-Star/pull/595,/pull/595,33,1
2026-07-26,/CWorthy-ocean/C-Star/pull/587,/pull/587,25,1
2026-07-26,/CWorthy-ocean/C-Star/pull/587/changes,/pull/587/changes,25,1
2026-07-26,/CWorthy-ocean/C-Star/pull/589,/pull/589,19,2
2026-07-26,/CWorthy-ocean/C-Star,Overview,18,11
2026-07-26,/CWorthy-ocean/C-Star/pull/584,/pull/584,17,1
2026-07-26,/CWorthy-ocean/C-Star/pull/595/changes,/pull/595/changes,16,1
2026-07-26,/CWorthy-ocean/C-Star/pull/593,/pull/593,15,1
2026-07-26,/CWorthy-ocean/C-Star/pull/572,/pull/572,14,2
2026-07-27,/CWorthy-ocean/C-Star/pulls,/pulls,218,2
2026-07-27,/CWorthy-ocean/C-Star/pull/595,/pull/595,33,1
2026-07-27,/CWorthy-ocean/C-Star/pull/587,/pull/587,25,1
2026-07-27,/CWorthy-ocean/C-Star/pull/587/changes,/pull/587/changes,25,1
2026-07-27,/CWorthy-ocean/C-Star/pull/589,/pull/589,19,2
2026-07-27,/CWorthy-ocean/C-Star,Overview,18,11
2026-07-27,/CWorthy-ocean/C-Star/pull/584,/pull/584,17,1
2026-07-27,/CWorthy-ocean/C-Star/pull/595/changes,/pull/595/changes,16,1
2026-07-27,/CWorthy-ocean/C-Star/pull/593,/pull/593,15,1
2026-07-27,/CWorthy-ocean/C-Star/pull/572,/pull/572,14,2
2026-07-28,/CWorthy-ocean/C-Star/pulls,/pulls,214,2
2026-07-28,/CWorthy-ocean/C-Star/pull/595,/pull/595,33,1
2026-07-28,/CWorthy-ocean/C-Star/pull/587,/pull/587,24,1
2026-07-28,/CWorthy-ocean/C-Star/pull/587/changes,/pull/587/changes,24,1
2026-07-28,/CWorthy-ocean/C-Star/pull/589,/pull/589,18,2
2026-07-28,/CWorthy-ocean/C-Star/pull/584,/pull/584,17,1
2026-07-28,/CWorthy-ocean/C-Star/pull/595/changes,/pull/595/changes,16,1
2026-07-28,/CWorthy-ocean/C-Star/pull/593,/pull/593,15,1
2026-07-28,/CWorthy-ocean/C-Star,Overview,14,9
2026-07-28,/CWorthy-ocean/C-Star/pull/572,/pull/572,14,2
2026-07-29,/CWorthy-ocean/C-Star/pulls,/pulls,214,2
2026-07-29,/CWorthy-ocean/C-Star/pull/595,/pull/595,33,1
2026-07-29,/CWorthy-ocean/C-Star/pull/587,/pull/587,24,1
2026-07-29,/CWorthy-ocean/C-Star/pull/587/changes,/pull/587/changes,24,1
2026-07-29,/CWorthy-ocean/C-Star/pull/589,/pull/589,18,2
2026-07-29,/CWorthy-ocean/C-Star/pull/584,/pull/584,17,1
2026-07-29,/CWorthy-ocean/C-Star/pull/595/changes,/pull/595/changes,16,1
2026-07-29,/CWorthy-ocean/C-Star/pull/593,/pull/593,15,1
2026-07-29,/CWorthy-ocean/C-Star,Overview,14,9
2026-07-29,/CWorthy-ocean/C-Star/pull/572,/pull/572,14,2
2026-07-30,/CWorthy-ocean/C-Star/pulls,/pulls,208,2
2026-07-30,/CWorthy-ocean/C-Star/pull/595,/pull/595,33,1
2026-07-30,/CWorthy-ocean/C-Star/pull/587,/pull/587,23,1
2026-07-30,/CWorthy-ocean/C-Star/pull/587/changes,/pull/587/changes,22,1
2026-07-30,/CWorthy-ocean/C-Star/pull/589,/pull/589,17,2
2026-07-30,/CWorthy-ocean/C-Star/pull/584,/pull/584,17,1
2026-07-30,/CWorthy-ocean/C-Star/pull/595/changes,/pull/595/changes,16,1
2026-07-30,/CWorthy-ocean/C-Star/pull/593,/pull/593,15,1
2026-07-30,/CWorthy-ocean/C-Star/pull/584/changes,/pull/584/changes,14,1
2026-07-30,/CWorthy-ocean/C-Star/pull/597,/pull/597,14,1
2026-07-31,/CWorthy-ocean/C-Star/pulls,/pulls,205,2
2026-07-31,/CWorthy-ocean/C-Star/pull/595,/pull/595,33,1
2026-07-31,/CWorthy-ocean/C-Star/pull/587,/pull/587,23,1
2026-07-31,/CWorthy-ocean/C-Star/pull/587/changes,/pull/587/changes,22,1
2026-07-31,/CWorthy-ocean/C-Star/pull/584,/pull/584,17,1
2026-07-31,/CWorthy-ocean/C-Star/pull/595/changes,/pull/595/changes,16,1
2026-07-31,/CWorthy-ocean/C-Star/pull/593,/pull/593,15,1
2026-07-31,/CWorthy-ocean/C-Star,Overview,14,10
2026-07-31,/CWorthy-ocean/C-Star/pull/584/changes,/pull/584/changes,14,1
2026-07-31,/CWorthy-ocean/C-Star/pull/597,/pull/597,14,1
2026-08-01,/CWorthy-ocean/C-Star/pulls,/pulls,179,2
2026-08-01,/CWorthy-ocean/C-Star/pull/595,/pull/595,33,1
2026-08-01,/CWorthy-ocean/C-Star/pull/587,/pull/587,23,1
2026-08-01,/CWorthy-ocean/C-Star/pull/587/changes,/pull/587/changes,21,1
2026-08-01,/CWorthy-ocean/C-Star/pull/584,/pull/584,16,1
2026-08-01,/CWorthy-ocean/C-Star/pull/595/changes,/pull/595/changes,16,1
2026-08-01,/CWorthy-ocean/C-Star,Overview,15,11
2026-08-01,/CWorthy-ocean/C-Star/pull/597,/pull/597,14,1
2026-08-01,/CWorthy-ocean/C-Star/pull/594,/pull/594,13,3
2026-08-01,/CWorthy-ocean/C-Star/pull/584/changes,/pull/584/changes,13,1
2026-08-02,/CWorthy-ocean/C-Star/pulls,/pulls,179,2
2026-08-02,/CWorthy-ocean/C-Star/pull/595,/pull/595,33,1
2026-08-02,/CWorthy-ocean/C-Star/pull/587,/pull/587,23,1
2026-08-02,/CWorthy-ocean/C-Star/pull/587/changes,/pull/587/changes,21,1
2026-08-02,/CWorthy-ocean/C-Star/pull/584,/pull/584,16,1
2026-08-02,/CWorthy-ocean/C-Star/pull/595/changes,/pull/595/changes,16,1
2026-08-02,/CWorthy-ocean/C-Star,Overview,15,11
2026-08-02,/CWorthy-ocean/C-Star/pull/597,/pull/597,14,1
2026-08-02,/CWorthy-ocean/C-Star/pull/594,/pull/594,13,3
2026-08-02,/CWorthy-ocean/C-Star/pull/584/changes,/pull/584/changes,13,1
2026-08-03,/CWorthy-ocean/C-Star/pulls,/pulls,179,2
2026-08-03,/CWorthy-ocean/C-Star/pull/595,/pull/595,33,1
2026-08-03,/CWorthy-ocean/C-Star/pull/587,/pull/587,23,1
2026-08-03,/CWorthy-ocean/C-Star/pull/587/changes,/pull/587/changes,21,1
2026-08-03,/CWorthy-ocean/C-Star/pull/584,/pull/584,16,1
2026-08-03,/CWorthy-ocean/C-Star/pull/595/changes,/pull/595/changes,16,1
2026-08-03,/CWorthy-ocean/C-Star,Overview,15,11
2026-08-03,/CWorthy-ocean/C-Star/pull/597,/pull/597,14,1
2026-08-03,/CWorthy-ocean/C-Star/pull/594,/pull/594,13,3
2026-08-03,/CWorthy-ocean/C-Star/pull/584/changes,/pull/584/changes,13,1
2026-08-04,/CWorthy-ocean/C-Star/pulls,/pulls,162,1
2026-08-04,/CWorthy-ocean/C-Star/pull/595,/pull/595,33,1
2026-08-04,/CWorthy-ocean/C-Star/pull/587,/pull/587,23,1
2026-08-04,/CWorthy-ocean/C-Star/pull/587/changes,/pull/587/changes,21,1
2026-08-04,/CWorthy-ocean/C-Star/pull/595/changes,/pull/595/changes,16,1
2026-08-04,/CWorthy-ocean/C-Star/pull/597,/pull/597,14,1
2026-08-04,/CWorthy-ocean/C-Star/pull/594,/pull/594,13,3
2026-08-04,/CWorthy-ocean/C-Star/pull/584,/pull/584,12,1
2026-08-04,/CWorthy-ocean/C-Star/pull/604,/pull/604,12,1
2026-08-04,/CWorthy-ocean/C-Star/pull/572,/pull/572,10,2
2026-08-05,/CWorthy-ocean/C-Star/pulls,/pulls,131,2
2026-08-05,/CWorthy-ocean/C-Star/pull/595,/pull/595,30,1
2026-08-05,/CWorthy-ocean/C-Star/pull/587,/pull/587,22,1
2026-08-05,/CWorthy-ocean/C-Star/pull/587/changes,/pull/587/changes,20,1
2026-08-05,/CWorthy-ocean/C-Star/pull/595/changes,/pull/595/changes,13,1
2026-08-05,/CWorthy-ocean/C-Star/pull/597,/pull/597,12,1
2026-08-05,/CWorthy-ocean/C-Star/pull/604,/pull/604,12,1
2026-08-05,/CWorthy-ocean/C-Star,Overview,10,8
2026-08-05,/CWorthy-ocean/C-Star/pull/594,/pull/594,9,2
2026-08-05,/CWorthy-ocean/C-Star/pull/598,/pull/598,9,1
2026-08-06,/CWorthy-ocean/C-Star/pulls,/pulls,86,2
2026-08-06,/CWorthy-ocean/C-Star/pull/595,/pull/595,30,1
2026-08-06,/CWorthy-ocean/C-Star/pull/587,/pull/587,21,1
2026-08-06,/CWorthy-ocean/C-Star/pull/587/changes,/pull/587/changes,20,1
2026-08-06,/CWorthy-ocean/C-Star/pull/595/changes,/pull/595/changes,13,1
2026-08-06,/CWorthy-ocean/C-Star/pull/604,/pull/604,12,1
2026-08-06,/CWorthy-ocean/C-Star,Overview,9,7
2026-08-06,/CWorthy-ocean/C-Star/pull/608/changes,/pull/608/changes,8,1
2026-08-06,/CWorthy-ocean/C-Star/pull/594,/pull/594,7,2
2026-08-06,/CWorthy-ocean/C-Star/pull/604/changes,/pull/604/changes,7,1
2026-08-07,/CWorthy-ocean/C-Star/pulls,/pulls,65,2
2026-08-07,/CWorthy-ocean/C-Star/pull/595,/pull/595,27,1
2026-08-07,/CWorthy-ocean/C-Star/pull/587,/pull/587,14,1
2026-08-07,/CWorthy-ocean/C-Star,Overview,13,8
2026-08-07,/CWorthy-ocean/C-Star/pull/608/changes,/pull/608/changes,13,1
2026-08-07,/CWorthy-ocean/C-Star/pull/604,/pull/604,12,1
2026-08-07,/CWorthy-ocean/C-Star/pull/595/changes,/pull/595/changes,11,1
2026-08-07,/CWorthy-ocean/C-Star/pull/587/changes,/pull/587/changes,9,1
2026-08-07,/CWorthy-ocean/C-Star/pull/615,/pull/615,8,1
2026-08-07,/CWorthy-ocean/C-Star/pull/594,/pull/594,7,2
2026-08-08,/CWorthy-ocean/C-Star/pulls,/pulls,65,2
2026-08-08,/CWorthy-ocean/C-Star/pull/595,/pull/595,27,1
2026-08-08,/CWorthy-ocean/C-Star/pull/587,/pull/587,14,1
2026-08-08,/CWorthy-ocean/C-Star,Overview,13,8
2026-08-08,/CWorthy-ocean/C-Star/pull/608/changes,/pull/608/changes,13,1
2026-08-08,/CWorthy-ocean/C-Star/pull/604,/pull/604,12,1
2026-08-08,/CWorthy-ocean/C-Star/pull/595/changes,/pull/595/changes,11,1
2026-08-08,/CWorthy-ocean/C-Star/pull/587/changes,/pull/587/changes,9,1
2026-08-08,/CWorthy-ocean/C-Star/pull/615,/pull/615,8,1
2026-08-08,/CWorthy-ocean/C-Star/pull/594,/pull/594,7,2
2026-08-09,/CWorthy-ocean/C-Star/pull/608/changes,/pull/608/changes,15,1
2026-08-09,/CWorthy-ocean/C-Star,Overview,13,9
2026-08-09,/CWorthy-ocean/C-Star/pulls,/pulls,13,2
2026-08-09,/CWorthy-ocean/C-Star/pull/608,/pull/608,12,1
2026-08-09,/CWorthy-ocean/C-Star/pull/615,/pull/615,9,1
2026-08-09,/CWorthy-ocean/C-Star/pull/615/changes,/pull/615/changes,7,1
2026-08-09,/CWorthy-ocean/C-Star/pull/519,/pull/519,3,3
2026-08-09,/CWorthy-ocean/C-Star/commit/974ffcac34945b82c52b96f480c50a6c6b9ae0fe,/commit/974ffcac34945b82c52b96f480c50a6c6b9ae0fe,2,2
2026-08-09,/CWorthy-ocean/C-Star/pull/227,/pull/227,2,2
2026-08-09,/CWorthy-ocean/C-Star/actions/runs/30130045386,/actions/runs/30130045386,1,1
